iso_o,iso_d,trade
ARG,ARG,263638.4
ARG,AUS,462.8
ARG,AUT,51.1
ARG,BEL,123.9
ARG,BGR,38.1
ARG,BRA,8371.5
ARG,BRN,10.9
ARG,CAN,596.7000000000001
ARG,CHE,204.8
ARG,CHL,3006.8
ARG,CHN,4139.6
ARG,COL,627.7999999999998
ARG,CRI,107.6
ARG,CYP,17.90000000000001
ARG,CZE,61.3
ARG,DEU,1165.2
ARG,DNK,115.8
ARG,ESP,1503.1
ARG,EST,2
ARG,FIN,15.1
ARG,FRA,311
ARG,GBR,683.4000000000001
ARG,GRC,113.4
ARG,HKG,96.40000000000001
ARG,HRV,4.7
ARG,HUN,18.4
ARG,IDN,983.1
ARG,IND,2487.7
ARG,IRL,269.8
ARG,ISL,2.5
ARG,ISR,139.2
ARG,ITA,843.5
ARG,JPN,702.0000000000001
ARG,KAZ,19.5
ARG,KHM,18.3
ARG,KOR,384.5
ARG,LAO,1.6
ARG,LTU,15.4
ARG,LUX,32.3
ARG,LVA,5.799999999999999
ARG,MAR,227.7999999999999
ARG,MEX,777.6000000000001
ARG,MLT,1.1
ARG,MMR,.9999999999999999
ARG,MYS,747.5
ARG,NLD,691.9
ARG,NOR,32.3
ARG,NZL,107.5
ARG,PER,724.2000000000002
ARG,PHL,211.1
ARG,POL,458.6
ARG,PRT,45.3
ARG,ROU,43.6
ARG,RUS,540.4
ARG,SAU,773.5
ARG,SGP,30.4
ARG,SVK,28.00000000000001
ARG,SVN,17.7
ARG,SWE,46.4
ARG,THA,377.0000000000001
ARG,TUN,49.40000000000001
ARG,TUR,438.5000000000001
ARG,TWN,88.90000000000001
ARG,USA,4448.900000000001
ARG,VNM,1694.9
ARG,ZAF,353.4
AUS,ARG,566.1999999999999
AUS,AUS,378504.7000000001
AUS,AUT,122
AUS,BEL,607
AUS,BGR,11.6
AUS,BRA,1348.4
AUS,BRN,42.90000000000001
AUS,CAN,1011.4
AUS,CHE,274.6
AUS,CHL,353.5
AUS,CHN,84915.09999999999
AUS,COL,49.49999999999999
AUS,CRI,4.2
AUS,CYP,2.1
AUS,CZE,112.1
AUS,DEU,2068.9
AUS,DNK,59.20000000000002
AUS,ESP,808.2000000000001
AUS,EST,5.599999999999998
AUS,FIN,61.40000000000001
AUS,FRA,1006.7
AUS,GBR,1787.9
AUS,GRC,11.7
AUS,HKG,2427.6
AUS,HRV,1.9
AUS,HUN,27.1
AUS,IDN,4426
AUS,IND,14300.6
AUS,IRL,152.3
AUS,ISL,45.40000000000001
AUS,ISR,97.8
AUS,ITA,506.4999999999999
AUS,JPN,43139.2
AUS,KAZ,19.6
AUS,KHM,20.3
AUS,KOR,19199.9
AUS,LAO,19.2
AUS,LTU,1.3
AUS,LUX,8.299999999999999
AUS,LVA,.7999999999999999
AUS,MAR,14.1
AUS,MEX,184
AUS,MLT,3.100000000000001
AUS,MMR,79.40000000000001
AUS,MYS,2889
AUS,NLD,954.6
AUS,NOR,118.8
AUS,NZL,3310.4
AUS,PER,66.39999999999999
AUS,PHL,1202.3
AUS,POL,439.6
AUS,PRT,18.7
AUS,ROU,23.7
AUS,RUS,265.1999999999999
AUS,SAU,434.4999999999999
AUS,SGP,2972.8
AUS,SVK,7.3
AUS,SVN,7.899999999999999
AUS,SWE,311.5
AUS,THA,4611.999999999999
AUS,TUN,4.1
AUS,TUR,870.6999999999997
AUS,TWN,7480.8
AUS,USA,7471.299999999998
AUS,VNM,2122.9
AUS,ZAF,651.5000000000001
AUT,ARG,229.1
AUT,AUS,1539.7
AUT,AUT,110138.9
AUT,BEL,1213.8
AUT,BGR,648.5999999999999
AUT,BRA,1090.9
AUT,BRN,1.2
AUT,CAN,1438.3
AUT,CHE,6307.700000000001
AUT,CHL,288.6
AUT,CHN,7219.199999999999
AUT,COL,134
AUT,CRI,20.50000000000001
AUT,CYP,32.9
AUT,CZE,3782.6
AUT,DEU,36530.3
AUT,DNK,657.1000000000001
AUT,ESP,2542.699999999999
AUT,EST,95.29999999999998
AUT,FIN,737.1000000000001
AUT,FRA,5814.199999999999
AUT,GBR,3768.800000000001
AUT,GRC,458.7000000000001
AUT,HKG,225.4
AUT,HRV,1227
AUT,HUN,5644.3
AUT,IDN,419.1
AUT,IND,1225.2
AUT,IRL,630
AUT,ISL,42.8
AUT,ISR,361.6
AUT,ITA,10077.4
AUT,JPN,2233.8
AUT,KAZ,152.9
AUT,KHM,20
AUT,KOR,1692.4
AUT,LAO,35.8
AUT,LTU,198
AUT,LUX,150.8
AUT,LVA,106
AUT,MAR,240.8
AUT,MEX,1838.4
AUT,MLT,78.2
AUT,MMR,14.2
AUT,MYS,469.3000000000001
AUT,NLD,2220
AUT,NOR,703.7000000000001
AUT,NZL,185.5
AUT,PER,117.2
AUT,PHL,129.4
AUT,POL,3928.3
AUT,PRT,398.7
AUT,ROU,2298
AUT,RUS,2334.9
AUT,SAU,590.9000000000001
AUT,SGP,348.9000000000001
AUT,SVK,2344
AUT,SVN,1893.5
AUT,SWE,1708.1
AUT,THA,380.9
AUT,TUN,99.7
AUT,TUR,1540.8
AUT,TWN,676.3000000000001
AUT,USA,11075.7
AUT,VNM,268.5
AUT,ZAF,469.7999999999999
BEL,ARG,193.3
BEL,AUS,1047.7
BEL,AUT,1266.9
BEL,BEL,128694.5
BEL,BGR,299
BEL,BRA,1107.7
BEL,BRN,2.700000000000001
BEL,CAN,2294.1
BEL,CHE,2112.3
BEL,CHL,256.4
BEL,CHN,4025
BEL,COL,181.4
BEL,CRI,40.90000000000001
BEL,CYP,64.2
BEL,CZE,1340
BEL,DEU,27809.7
BEL,DNK,1469.5
BEL,ESP,4856.800000000001
BEL,EST,133.1
BEL,FIN,868.4999999999998
BEL,FRA,22027.6
BEL,GBR,14347
BEL,GRC,1031.7
BEL,HKG,946.3
BEL,HRV,162.5
BEL,HUN,1368.5
BEL,IDN,363.0000000000001
BEL,IND,2687.5
BEL,IRL,2427.5
BEL,ISL,57.7
BEL,ISR,818.5
BEL,ITA,11483.8
BEL,JPN,2701.8
BEL,KAZ,84.99999999999997
BEL,KHM,11.9
BEL,KOR,958.9000000000001
BEL,LAO,11.9
BEL,LTU,407.3
BEL,LUX,2928.800000000001
BEL,LVA,119.6
BEL,MAR,491
BEL,MEX,736.7000000000001
BEL,MLT,63.09999999999999
BEL,MMR,24
BEL,MYS,285.2000000000001
BEL,NLD,15390.3
BEL,NOR,790.6
BEL,NZL,196.8
BEL,PER,109.7
BEL,PHL,323.1999999999999
BEL,POL,3868.6
BEL,PRT,1324.4
BEL,ROU,1147.8
BEL,RUS,1535.6
BEL,SAU,562.6
BEL,SGP,376.0999999999999
BEL,SVK,483.6
BEL,SVN,241.2
BEL,SWE,3419.6
BEL,THA,591.3
BEL,TUN,164.4
BEL,TUR,1676.2
BEL,TWN,418.3
BEL,USA,10547.6
BEL,VNM,474.8
BEL,ZAF,642.6000000000001
BGR,ARG,14.9
BGR,AUS,48.90000000000001
BGR,AUT,420.1
BGR,BEL,603.4
BGR,BGR,20976.9
BGR,BRA,46.2
BGR,BRN,0
BGR,CAN,195.1
BGR,CHE,227.1
BGR,CHL,8.499999999999998
BGR,CHN,1295.4
BGR,COL,22.8
BGR,CRI,1.7
BGR,CYP,62.7
BGR,CZE,433.5000000000001
BGR,DEU,2909.9
BGR,DNK,93.10000000000001
BGR,ESP,687.3000000000001
BGR,EST,11.6
BGR,FIN,68.09999999999999
BGR,FRA,929.6999999999999
BGR,GBR,789.3999999999999
BGR,GRC,1632.8
BGR,HKG,10.9
BGR,HRV,150
BGR,HUN,317.1000000000001
BGR,IDN,67.2
BGR,IND,119
BGR,IRL,72
BGR,ISL,8.1
BGR,ISR,76.8
BGR,ITA,2248.4
BGR,JPN,267.7000000000001
BGR,KAZ,23.7
BGR,KHM,1.7
BGR,KOR,164.6
BGR,LAO,.6
BGR,LTU,44.8
BGR,LUX,9.5
BGR,LVA,21.60000000000001
BGR,MAR,86.60000000000002
BGR,MEX,104.3
BGR,MLT,9
BGR,MMR,2.9
BGR,MYS,18.7
BGR,NLD,375.3000000000001
BGR,NOR,92.40000000000001
BGR,NZL,15.5
BGR,PER,20.7
BGR,PHL,30.6
BGR,POL,579.3000000000001
BGR,PRT,85.7
BGR,ROU,2029.9
BGR,RUS,540.0000000000001
BGR,SAU,93.2
BGR,SGP,67.20000000000002
BGR,SVK,201.9
BGR,SVN,98.89999999999998
BGR,SWE,164.8
BGR,THA,45.30000000000001
BGR,TUN,113.1
BGR,TUR,2178.1
BGR,TWN,27.8
BGR,USA,824.5
BGR,VNM,60.7
BGR,ZAF,77.29999999999998
BRA,ARG,11925.4
BRA,AUS,586.6
BRA,AUT,408.7000000000001
BRA,BEL,783.6999999999999
BRA,BGR,21.59999999999999
BRA,BRA,894047.9
BRA,BRN,1.7
BRA,CAN,3669.899999999999
BRA,CHE,805.3000000000001
BRA,CHL,5865.5
BRA,CHN,59499.19999999999
BRA,COL,2332.699999999999
BRA,CRI,270.6999999999999
BRA,CYP,12.8
BRA,CZE,309.2000000000001
BRA,DEU,5570.7
BRA,DNK,266.3999999999999
BRA,ESP,4044.3
BRA,EST,26.8
BRA,FIN,391.2000000000001
BRA,FRA,2568.2
BRA,GBR,2208.1
BRA,GRC,130.3
BRA,HKG,1518.5
BRA,HRV,20.5
BRA,HUN,156.1
BRA,IDN,1303.7
BRA,IND,5130.899999999999
BRA,IRL,297.3
BRA,ISL,67.20000000000002
BRA,ISR,313.5
BRA,ITA,2807.7
BRA,JPN,16406.3
BRA,KAZ,119.1
BRA,KHM,13.2
BRA,KOR,3120.2
BRA,LAO,11.8
BRA,LTU,14.6
BRA,LUX,34.3
BRA,LVA,3.2
BRA,MAR,432.3000000000001
BRA,MEX,4773.7
BRA,MLT,9.800000000000001
BRA,MMR,49.50000000000001
BRA,MYS,929.3
BRA,NLD,2414
BRA,NOR,1321.9
BRA,NZL,112
BRA,PER,1773.6
BRA,PHL,419.4
BRA,POL,1593.1
BRA,PRT,1012.3
BRA,ROU,478.3999999999999
BRA,RUS,2323
BRA,SAU,1148.9
BRA,SGP,907.6999999999998
BRA,SVK,68.39999999999999
BRA,SVN,176.9
BRA,SWE,432.9
BRA,THA,1519.4
BRA,TUN,246.3
BRA,TUR,1942.9
BRA,TWN,1246
BRA,USA,27147.8
BRA,VNM,1925.4
BRA,ZAF,1008.7
BRN,ARG,0
BRN,AUS,530.1999999999999
BRN,AUT,.2
BRN,BEL,0
BRN,BGR,.1
BRN,BRA,.2
BRN,BRN,8328.300000000001
BRN,CAN,3.9
BRN,CHE,.2
BRN,CHL,0
BRN,CHN,427.1
BRN,COL,.1
BRN,CRI,0
BRN,CYP,0
BRN,CZE,0
BRN,DEU,.7999999999999999
BRN,DNK,0
BRN,ESP,0
BRN,EST,0
BRN,FIN,0
BRN,FRA,.7
BRN,GBR,.6
BRN,GRC,0
BRN,HKG,3.2
BRN,HRV,0
BRN,HUN,0
BRN,IDN,13.1
BRN,IND,960.9999999999999
BRN,IRL,0
BRN,ISL,0
BRN,ISR,0
BRN,ITA,.5
BRN,JPN,12.1
BRN,KAZ,0
BRN,KHM,0
BRN,KOR,998.4
BRN,LAO,0
BRN,LTU,0
BRN,LUX,.8
BRN,LVA,0
BRN,MAR,0
BRN,MEX,.1
BRN,MLT,0
BRN,MMR,.1
BRN,MYS,403.3
BRN,NLD,0
BRN,NOR,0
BRN,NZL,1
BRN,PER,0
BRN,PHL,51.2
BRN,POL,0
BRN,PRT,0
BRN,ROU,0
BRN,RUS,.1
BRN,SAU,0
BRN,SGP,684.4000000000001
BRN,SVK,.2
BRN,SVN,0
BRN,SWE,0
BRN,THA,973.3000000000002
BRN,TUN,.1
BRN,TUR,113
BRN,TWN,632.6
BRN,USA,228.2
BRN,VNM,22.2
BRN,ZAF,3.9
CAN,ARG,336.8999999999999
CAN,AUS,1491
CAN,AUT,328.1
CAN,BEL,1002.2
CAN,BGR,31.29999999999999
CAN,BRA,1969.9
CAN,BRN,6.999999999999999
CAN,CAN,439774.5
CAN,CHE,1302.4
CAN,CHL,769.7000000000001
CAN,CHN,26584.79999999999
CAN,COL,743.4000000000002
CAN,CRI,119.2
CAN,CYP,86.09999999999999
CAN,CZE,234.3
CAN,DEU,3296.1
CAN,DNK,241.5
CAN,ESP,1495.9
CAN,EST,27.3
CAN,FIN,284.4
CAN,FRA,2808.5
CAN,GBR,6306.399999999999
CAN,GRC,86.79999999999998
CAN,HKG,1326.8
CAN,HRV,37.1
CAN,HUN,58.7
CAN,IDN,1427
CAN,IND,2408.2
CAN,IRL,580.1
CAN,ISL,110.9
CAN,ISR,199
CAN,ITA,1458.7
CAN,JPN,16445.2
CAN,KAZ,84.20000000000002
CAN,KHM,32.40000000000001
CAN,KOR,4719.4
CAN,LAO,6.300000000000001
CAN,LTU,16.5
CAN,LUX,60.7
CAN,LVA,266.5
CAN,MAR,309
CAN,MEX,10201.2
CAN,MLT,28.4
CAN,MMR,26
CAN,MYS,468.9
CAN,NLD,870.4000000000001
CAN,NOR,1440.3
CAN,NZL,580.4999999999999
CAN,PER,555.9000000000001
CAN,PHL,774.4000000000001
CAN,POL,338.4
CAN,PRT,184.9
CAN,ROU,91.80000000000001
CAN,RUS,633.8
CAN,SAU,917
CAN,SGP,622
CAN,SVK,72.2
CAN,SVN,131.9
CAN,SWE,364.1
CAN,THA,815.8999999999999
CAN,TUN,27.1
CAN,TUR,1757.7
CAN,TWN,1419.3
CAN,USA,251001.2
CAN,VNM,502.8000000000001
CAN,ZAF,335.6
CHE,ARG,551.6
CHE,AUS,2717.3
CHE,AUT,5052
CHE,BEL,2363.300000000001
CHE,BGR,226.4
CHE,BRA,2052.3
CHE,BRN,8.699999999999999
CHE,CAN,3362.9
CHE,CHE,187617.6
CHE,CHL,251.9
CHE,CHN,13374.2
CHE,COL,403.7999999999999
CHE,CRI,115.2
CHE,CYP,128.3
CHE,CZE,1093.9
CHE,DEU,31564.2
CHE,DNK,697.9000000000001
CHE,ESP,3860.499999999999
CHE,EST,122.6
CHE,FIN,853.1000000000001
CHE,FRA,14034.8
CHE,GBR,3906.2
CHE,GRC,448.4
CHE,HKG,1890.9
CHE,HRV,116.7
CHE,HUN,624.5
CHE,IDN,598.5999999999999
CHE,IND,3544.5
CHE,IRL,751.4
CHE,ISL,62.3
CHE,ISR,1349.1
CHE,ITA,8240.5
CHE,JPN,6887.8
CHE,KAZ,141.5
CHE,KHM,13.5
CHE,KOR,2908.3
CHE,LAO,1.3
CHE,LTU,45.4
CHE,LUX,211.1
CHE,LVA,78.80000000000001
CHE,MAR,247.7000000000001
CHE,MEX,2202.2
CHE,MLT,20.4
CHE,MMR,11.8
CHE,MYS,672.3
CHE,NLD,1377.2
CHE,NOR,966.8
CHE,NZL,251.9
CHE,PER,141.7
CHE,PHL,445.8999999999999
CHE,POL,1764.6
CHE,PRT,343.4
CHE,ROU,488.2
CHE,RUS,2677.8
CHE,SAU,1508.8
CHE,SGP,1264.9
CHE,SVK,511.3
CHE,SVN,579.5000000000001
CHE,SWE,1056.7
CHE,THA,1890.6
CHE,TUN,133.6
CHE,TUR,1645.7
CHE,TWN,1523.4
CHE,USA,33901.8
CHE,VNM,725.5999999999999
CHE,ZAF,650.0999999999999
CHL,ARG,586.6
CHL,AUS,449.9
CHL,AUT,137.7
CHL,BEL,186.3
CHL,BGR,5.499999999999999
CHL,BRA,2416.3
CHL,BRN,1.1
CHL,CAN,1435.1
CHL,CHE,129
CHL,CHL,98647.30000000002
CHL,CHN,19519.90000000001
CHL,COL,544.7000000000001
CHL,CRI,185.3
CHL,CYP,16.9
CHL,CZE,24.9
CHL,DEU,914.5999999999999
CHL,DNK,76.09999999999999
CHL,ESP,947.5999999999999
CHL,EST,6.9
CHL,FIN,94.59999999999998
CHL,FRA,1018.9
CHL,GBR,596.4000000000001
CHL,GRC,45.00000000000001
CHL,HKG,568.9999999999998
CHL,HRV,1.3
CHL,HUN,6.4
CHL,IDN,77.2
CHL,IND,707.3999999999999
CHL,IRL,59.2
CHL,ISL,11.8
CHL,ISR,68.2
CHL,ITA,724.9000000000001
CHL,JPN,16112.8
CHL,KAZ,4.5
CHL,KHM,.2
CHL,KOR,3621.699999999999
CHL,LAO,.3
CHL,LTU,8.1
CHL,LUX,3.8
CHL,LVA,1.7
CHL,MAR,16.2
CHL,MEX,1088.2
CHL,MLT,.9
CHL,MMR,.6000000000000001
CHL,MYS,52.40000000000001
CHL,NLD,422.1
CHL,NOR,66.30000000000001
CHL,NZL,47.8
CHL,PER,917.9000000000001
CHL,PHL,32
CHL,POL,95
CHL,PRT,31.1
CHL,ROU,6.2
CHL,RUS,643.5
CHL,SAU,77.09999999999999
CHL,SGP,34.90000000000001
CHL,SVK,2.7
CHL,SVN,11.9
CHL,SWE,53.70000000000001
CHL,THA,332.4999999999999
CHL,TUN,7.1
CHL,TUR,175.4
CHL,TWN,1217.1
CHL,USA,8323.199999999999
CHL,VNM,176.4
CHL,ZAF,116.2
CHN,ARG,12086.3
CHN,AUS,53580
CHN,AUT,7496.299999999999
CHN,BEL,5881.099999999999
CHN,BGR,1023.7
CHN,BRA,31458.2
CHN,BRN,1430.5
CHN,CAN,52841
CHN,CHE,11074.7
CHN,CHL,15397.5
CHN,CHN,17265096
CHN,COL,9927.999999999998
CHN,CRI,1813.6
CHN,CYP,219.9
CHN,CZE,10781.2
CHN,DEU,76220.29999999997
CHN,DNK,4266.900000000001
CHN,ESP,26330.3
CHN,EST,1232.7
CHN,FIN,4819.499999999999
CHN,FRA,45654.60000000001
CHN,GBR,40935.9
CHN,GRC,3310.3
CHN,HKG,76879.10000000001
CHN,HRV,596.4
CHN,HUN,4481.500000000001
CHN,IDN,42947.2
CHN,IND,88574.29999999999
CHN,IRL,4905.3
CHN,ISL,587.2000000000001
CHN,ISR,7020.4
CHN,ITA,31839.9
CHN,JPN,159932.4
CHN,KAZ,4017
CHN,KHM,5206.700000000001
CHN,KOR,97639.60000000001
CHN,LAO,1284
CHN,LTU,534.3
CHN,LUX,518.9
CHN,LVA,307.3
CHN,MAR,3877.199999999999
CHN,MEX,76022.10000000001
CHN,MLT,144.2
CHN,MMR,4795.5
CHN,MYS,26916.10000000001
CHN,NLD,18615.3
CHN,NOR,7238.799999999999
CHN,NZL,6878.7
CHN,PER,9353.300000000001
CHN,PHL,21869
CHN,POL,20800.8
CHN,PRT,2201.8
CHN,ROU,3321.199999999999
CHN,RUS,49473.2
CHN,SAU,20148.6
CHN,SGP,14768.8
CHN,SVK,3027.7
CHN,SVN,1403.8
CHN,SWE,6103.000000000001
CHN,THA,45454.89999999999
CHN,TUN,1577.2
CHN,TUR,18890.7
CHN,TWN,44965.6
CHN,USA,432697.4999999999
CHN,VNM,59419.90000000001
CHN,ZAF,16439.4
COL,ARG,414.4
COL,AUS,51
COL,AUT,34.40000000000001
COL,BEL,68.8
COL,BGR,2.3
COL,BRA,1522.6
COL,BRN,0
COL,CAN,647.5999999999999
COL,CHE,134.7
COL,CHL,1476.9
COL,CHN,5286.799999999999
COL,COL,151917
COL,CRI,300
COL,CYP,1.4
COL,CZE,35.60000000000001
COL,DEU,666.7999999999998
COL,DNK,18.4
COL,ESP,1104.7
COL,EST,1.2
COL,FIN,38.39999999999999
COL,FRA,384.4
COL,GBR,285.1
COL,GRC,12.9
COL,HKG,53.20000000000001
COL,HRV,19.9
COL,HUN,3.4
COL,IDN,39.00000000000001
COL,IND,696.4
COL,IRL,147.9
COL,ISL,2.2
COL,ISR,1366.8
COL,ITA,515.7000000000001
COL,JPN,558.3999999999999
COL,KAZ,2.1
COL,KHM,.1
COL,KOR,490.4999999999999
COL,LAO,4.2
COL,LTU,.4
COL,LUX,2.2
COL,LVA,.4
COL,MAR,42.70000000000001
COL,MEX,2565.9
COL,MLT,1
COL,MMR,0
COL,MYS,51.70000000000001
COL,NLD,706.0000000000002
COL,NOR,151.1
COL,NZL,18.2
COL,PER,1717.7
COL,PHL,16
COL,POL,177.6
COL,PRT,303.9
COL,ROU,9.699999999999999
COL,RUS,230.2
COL,SAU,42.8
COL,SGP,145.4999999999999
COL,SVK,17.9
COL,SVN,13.8
COL,SWE,38.90000000000001
COL,THA,20.9
COL,TUN,4.5
COL,TUR,141.3
COL,TWN,132.1
COL,USA,11012.9
COL,VNM,17.8
COL,ZAF,34.1
CRI,ARG,10.4
CRI,AUS,54.3
CRI,AUT,25.1
CRI,BEL,179.8
CRI,BGR,.2
CRI,BRA,53.5
CRI,BRN,.3
CRI,CAN,304.2000000000001
CRI,CHE,81.30000000000001
CRI,CHL,41.2
CRI,CHN,377.1000000000001
CRI,COL,67.7
CRI,CRI,15756.3
CRI,CYP,.9
CRI,CZE,25
CRI,DEU,396.0000000000001
CRI,DNK,22.7
CRI,ESP,209.9
CRI,EST,3.5
CRI,FIN,43.10000000000001
CRI,FRA,187.9
CRI,GBR,35.9
CRI,GRC,17
CRI,HKG,10.6
CRI,HRV,1.3
CRI,HUN,1.5
CRI,IDN,2.3
CRI,IND,15.8
CRI,IRL,97.20000000000002
CRI,ISL,1.3
CRI,ISR,29
CRI,ITA,159.9
CRI,JPN,556
CRI,KAZ,1.2
CRI,KHM,0
CRI,KOR,84.50000000000001
CRI,LAO,.1
CRI,LTU,1.7
CRI,LUX,5
CRI,LVA,0
CRI,MAR,3.2
CRI,MEX,515.4000000000001
CRI,MLT,.3
CRI,MMR,0
CRI,MYS,11.5
CRI,NLD,310.1999999999999
CRI,NOR,34.8
CRI,NZL,5.799999999999999
CRI,PER,31.3
CRI,PHL,17.2
CRI,POL,85.69999999999999
CRI,PRT,40.8
CRI,ROU,.8
CRI,RUS,53.90000000000001
CRI,SAU,12.4
CRI,SGP,43.10000000000001
CRI,SVK,13.4
CRI,SVN,8
CRI,SWE,17.3
CRI,THA,16
CRI,TUN,1.5
CRI,TUR,26.3
CRI,TWN,42.5
CRI,USA,3489.6
CRI,VNM,27.3
CRI,ZAF,10
CYP,ARG,.2
CYP,AUS,17
CYP,AUT,9.399999999999999
CYP,BEL,11.1
CYP,BGR,6.1
CYP,BRA,.4
CYP,BRN,.1
CYP,CAN,2.4
CYP,CHE,4.8
CYP,CHL,.3
CYP,CHN,37.00000000000001
CYP,COL,.2
CYP,CRI,0
CYP,CYP,3974.400000000001
CYP,CZE,10.7
CYP,DEU,55.90000000000002
CYP,DNK,6.8
CYP,ESP,11.2
CYP,EST,1.2
CYP,FIN,7.300000000000001
CYP,FRA,21.9
CYP,GBR,84.10000000000001
CYP,GRC,166.2
CYP,HKG,2.8
CYP,HRV,2.1
CYP,HUN,15.5
CYP,IDN,1.1
CYP,IND,18.50000000000001
CYP,IRL,3.3
CYP,ISL,.1
CYP,ISR,81.30000000000001
CYP,ITA,36.7
CYP,JPN,2.6
CYP,KAZ,1
CYP,KHM,.6
CYP,KOR,3.7
CYP,LAO,0
CYP,LTU,7.499999999999999
CYP,LUX,2.2
CYP,LVA,3.6
CYP,MAR,.5
CYP,MEX,2.7
CYP,MLT,4.100000000000001
CYP,MMR,.9
CYP,MYS,1.7
CYP,NLD,11.3
CYP,NOR,8.299999999999999
CYP,NZL,.9
CYP,PER,.1
CYP,PHL,1
CYP,POL,139.4
CYP,PRT,3.100000000000001
CYP,ROU,16.8
CYP,RUS,47.00000000000001
CYP,SAU,12.5
CYP,SGP,2.3
CYP,SVK,7.5
CYP,SVN,2.3
CYP,SWE,35.40000000000001
CYP,THA,3.500000000000001
CYP,TUN,.7000000000000001
CYP,TUR,28.20000000000001
CYP,TWN,3
CYP,USA,35.7
CYP,VNM,21.4
CYP,ZAF,3.6
CZE,ARG,170.2
CZE,AUS,506.2
CZE,AUT,5166
CZE,BEL,2172.1
CZE,BGR,485.9999999999999
CZE,BRA,388.1000000000001
CZE,BRN,.5
CZE,CAN,490.9
CZE,CHE,2362.3
CZE,CHL,72.60000000000001
CZE,CHN,3722.6
CZE,COL,55.9
CZE,CRI,7.8
CZE,CYP,30.2
CZE,CZE,102738.7
CZE,DEU,35230.89999999999
CZE,DNK,884.7000000000002
CZE,ESP,4289.700000000001
CZE,EST,187.4
CZE,FIN,744.9
CZE,FRA,7506.800000000002
CZE,GBR,5122.7
CZE,GRC,344.8
CZE,HKG,59.20000000000002
CZE,HRV,469.3000000000002
CZE,HUN,4649.400000000001
CZE,IDN,123.6
CZE,IND,560.1
CZE,IRL,1073.1
CZE,ISL,57.4
CZE,ISR,814.5000000000001
CZE,ITA,6084.3
CZE,JPN,783.4
CZE,KAZ,157.5
CZE,KHM,2.7
CZE,KOR,682.8999999999999
CZE,LAO,3.300000000000001
CZE,LTU,318.6000000000001
CZE,LUX,151.2
CZE,LVA,118.5
CZE,MAR,318.0000000000001
CZE,MEX,1339.4
CZE,MLT,8.199999999999999
CZE,MMR,4.599999999999999
CZE,MYS,134.8
CZE,NLD,2645.2
CZE,NOR,846.3999999999999
CZE,NZL,107.8
CZE,PER,37.39999999999999
CZE,PHL,83.09999999999998
CZE,POL,7455.699999999999
CZE,PRT,532.6
CZE,ROU,1847.3
CZE,RUS,3390
CZE,SAU,717.6
CZE,SGP,170.8
CZE,SVK,7428.699999999999
CZE,SVN,591.6999999999999
CZE,SWE,1874.4
CZE,THA,242.3
CZE,TUN,55.29999999999999
CZE,TUR,2307
CZE,TWN,310.5999999999999
CZE,USA,3557.3
CZE,VNM,104.3
CZE,ZAF,505.1
DEU,ARG,2979.7
DEU,AUS,9731.6
DEU,AUT,47151.20000000002
DEU,BEL,22160.5
DEU,BGR,2815.5
DEU,BRA,10254.6
DEU,BRN,74.39999999999999
DEU,CAN,12745.6
DEU,CHE,42759.6
DEU,CHL,2625.900000000001
DEU,CHN,93734.99999999999
DEU,COL,1801.7
DEU,CRI,319.3
DEU,CYP,363.7
DEU,CZE,29721.7
DEU,DEU,1280619.8
DEU,DNK,14226.3
DEU,ESP,39001.7
DEU,EST,1172.8
DEU,FIN,8594.800000000001
DEU,FRA,83194.00000000002
DEU,GBR,61170.2
DEU,GRC,4850.2
DEU,HKG,6587.9
DEU,HRV,2407.8
DEU,HUN,21146.1
DEU,IDN,3724.700000000001
DEU,IND,19186.6
DEU,IRL,12488.8
DEU,ISL,543.5
DEU,ISR,3464.2
DEU,ITA,66859.59999999999
DEU,JPN,27355.5
DEU,KAZ,1247.2
DEU,KHM,112.5
DEU,KOR,19455.1
DEU,LAO,14.5
DEU,LTU,2143.6
DEU,LUX,3628.3
DEU,LVA,1158
DEU,MAR,1847.1
DEU,MEX,16806.3
DEU,MLT,358.4
DEU,MMR,138.4
DEU,MYS,4667.900000000001
DEU,NLD,39194.6
DEU,NOR,7527.999999999999
DEU,NZL,1580.8
DEU,PER,922.1
DEU,PHL,2425.6
DEU,POL,46050.9
DEU,PRT,9455.100000000002
DEU,ROU,12724
DEU,RUS,22129.2
DEU,SAU,7391.4
DEU,SGP,4094.7
DEU,SVK,12099.6
DEU,SVN,3509.3
DEU,SWE,21755.5
DEU,THA,5764.6
DEU,TUN,1168.6
DEU,TUR,17770.9
DEU,TWN,8715.700000000001
DEU,USA,101470
DEU,VNM,3795.7
DEU,ZAF,7144.6
DNK,ARG,201.8
DNK,AUS,932.4000000000002
DNK,AUT,496.7999999999999
DNK,BEL,835.6999999999999
DNK,BGR,114
DNK,BRA,580.5
DNK,BRN,1.7
DNK,CAN,929.5000000000001
DNK,CHE,601.6
DNK,CHL,164.2
DNK,CHN,4256.1
DNK,COL,115.2
DNK,CRI,29.9
DNK,CYP,22.5
DNK,CZE,628.4000000000001
DNK,DEU,8559.199999999999
DNK,DNK,63188.79999999998
DNK,ESP,1884.1
DNK,EST,162
DNK,FIN,1635.1
DNK,FRA,2487.3
DNK,GBR,5322.400000000001
DNK,GRC,433.7000000000001
DNK,HKG,321.3
DNK,HRV,84.59999999999999
DNK,HUN,503.6
DNK,IDN,166.3
DNK,IND,567.5999999999999
DNK,IRL,548.6999999999999
DNK,ISL,365.0000000000001
DNK,ISR,185.3
DNK,ITA,2137.2
DNK,JPN,1912.6
DNK,KAZ,50.3
DNK,KHM,70.80000000000001
DNK,KOR,651.3
DNK,LAO,.7999999999999999
DNK,LTU,253.4
DNK,LUX,42.8
DNK,LVA,191.5
DNK,MAR,70.49999999999997
DNK,MEX,626.8999999999999
DNK,MLT,13.3
DNK,MMR,5.6
DNK,MYS,137.9
DNK,NLD,1728.2
DNK,NOR,3732.3
DNK,NZL,137
DNK,PER,48.59999999999999
DNK,PHL,156.7
DNK,POL,2057.3
DNK,PRT,321.0000000000001
DNK,ROU,294.9000000000001
DNK,RUS,856.1000000000001
DNK,SAU,461.2
DNK,SGP,183.9
DNK,SVK,222.6000000000001
DNK,SVN,63.10000000000001
DNK,SWE,7845.2
DNK,THA,312.6
DNK,TUN,43.3
DNK,TUR,474.5999999999999
DNK,TWN,263.1
DNK,USA,8920.1
DNK,VNM,292.6
DNK,ZAF,229.2
ESP,ARG,1250.9
ESP,AUS,1876.3
ESP,AUT,2177
ESP,BEL,4007.2
ESP,BGR,463.2
ESP,BRA,3048.9
ESP,BRN,4.999999999999999
ESP,CAN,2241.5
ESP,CHE,4142.000000000001
ESP,CHL,1754.6
ESP,CHN,8407
ESP,COL,924.6000000000001
ESP,CRI,202
ESP,CYP,199.5
ESP,CZE,2329.1
ESP,DEU,27945.5
ESP,DNK,1213.9
ESP,ESP,452149.7999999998
ESP,EST,152.8
ESP,FIN,1080.2
ESP,FRA,37350.5
ESP,GBR,15691.7
ESP,GRC,2137.7
ESP,HKG,745.3000000000002
ESP,HRV,341.8
ESP,HUN,1348.8
ESP,IDN,631.1999999999999
ESP,IND,2292.5
ESP,IRL,2134.7
ESP,ISL,136.2
ESP,ISR,1233.2
ESP,ITA,20982.8
ESP,JPN,2808.6
ESP,KAZ,143.1
ESP,KHM,36.3
ESP,KOR,2472.1
ESP,LAO,7.7
ESP,LTU,313.2
ESP,LUX,370.5
ESP,LVA,129.3
ESP,MAR,6502.700000000001
ESP,MEX,5678.9
ESP,MLT,146.1
ESP,MMR,16.2
ESP,MYS,517.7000000000001
ESP,NLD,5090.1
ESP,NOR,1629.1
ESP,NZL,264.5
ESP,PER,996
ESP,PHL,427.1
ESP,POL,5003.799999999999
ESP,PRT,21051.39999999999
ESP,ROU,1799
ESP,RUS,3136.699999999999
ESP,SAU,2601.5
ESP,SGP,583.1
ESP,SVK,1172.9
ESP,SVN,460.1
ESP,SWE,2044.1
ESP,THA,697.3000000000001
ESP,TUN,819.8999999999999
ESP,TUR,4790.4
ESP,TWN,650.3000000000001
ESP,USA,15484.1
ESP,VNM,480.8999999999999
ESP,ZAF,1277.9
EST,ARG,26.6
EST,AUS,124
EST,AUT,58.10000000000002
EST,BEL,99.89999999999999
EST,BGR,15.6
EST,BRA,22.7
EST,BRN,0
EST,CAN,112.2
EST,CHE,74.19999999999999
EST,CHL,8.900000000000002
EST,CHN,192.6
EST,COL,2.7
EST,CRI,1.1
EST,CYP,4.6
EST,CZE,65.5
EST,DEU,559.6999999999999
EST,DNK,302.9999999999999
EST,ESP,89.60000000000001
EST,EST,8655.599999999999
EST,FIN,1644.2
EST,FRA,284.8
EST,GBR,230.8
EST,GRC,13.2
EST,HKG,2.600000000000001
EST,HRV,2.600000000000001
EST,HUN,36
EST,IDN,18
EST,IND,94.8
EST,IRL,31.1
EST,ISL,35.8
EST,ISR,14.4
EST,ITA,139.4
EST,JPN,117.2
EST,KAZ,73.39999999999999
EST,KHM,.5
EST,KOR,88.59999999999999
EST,LAO,.2
EST,LTU,485.0999999999999
EST,LUX,2.8
EST,LVA,703.9
EST,MAR,6.1
EST,MEX,113.2
EST,MLT,4.9
EST,MMR,.7
EST,MYS,3.600000000000001
EST,NLD,162.4
EST,NOR,575.3999999999998
EST,NZL,4.7
EST,PER,2.8
EST,PHL,2.700000000000001
EST,POL,248.6
EST,PRT,24
EST,ROU,64.69999999999999
EST,RUS,482.8999999999999
EST,SAU,81.40000000000001
EST,SGP,22.7
EST,SVK,18.90000000000001
EST,SVN,7.9
EST,SWE,1080.4
EST,THA,19.7
EST,TUN,2
EST,TUR,75.39999999999999
EST,TWN,14.5
EST,USA,641.4000000000001
EST,VNM,6.5
EST,ZAF,20.1
FIN,ARG,206.5
FIN,AUS,770.7000000000001
FIN,AUT,527.6
FIN,BEL,671.8
FIN,BGR,65.49999999999999
FIN,BRA,430.3
FIN,BRN,2.4
FIN,CAN,746.1
FIN,CHE,571.8
FIN,CHL,292.9
FIN,CHN,4478.2
FIN,COL,163.3
FIN,CRI,10.9
FIN,CYP,10.6
FIN,CZE,344.8
FIN,DEU,7157.299999999999
FIN,DNK,956.4999999999998
FIN,ESP,1232.6
FIN,EST,1159.7
FIN,FIN,93915.70000000001
FIN,FRA,2421
FIN,GBR,2293.9
FIN,GRC,136.4
FIN,HKG,116.6
FIN,HRV,28
FIN,HUN,248.9999999999999
FIN,IDN,704.4000000000001
FIN,IND,1423.7
FIN,IRL,949.4999999999997
FIN,ISL,61.6
FIN,ISR,248.5999999999999
FIN,ITA,1591.7
FIN,JPN,2537.7
FIN,KAZ,113.5
FIN,KHM,9
FIN,KOR,1296.5
FIN,LAO,4.8
FIN,LTU,467.7
FIN,LUX,40.2
FIN,LVA,443.9
FIN,MAR,292.3
FIN,MEX,587.7000000000001
FIN,MLT,14.6
FIN,MMR,16.2
FIN,MYS,180.2
FIN,NLD,2215.5
FIN,NOR,1525.4
FIN,NZL,110.4
FIN,PER,97.60000000000001
FIN,PHL,211.9
FIN,POL,1575.5
FIN,PRT,184.1
FIN,ROU,147.9
FIN,RUS,3343.6
FIN,SAU,308.3
FIN,SGP,129
FIN,SVK,158.3
FIN,SVN,81.60000000000001
FIN,SWE,6117.200000000001
FIN,THA,337.9
FIN,TUN,66.09999999999998
FIN,TUR,833.3000000000001
FIN,TWN,357.7000000000001
FIN,USA,5516.1
FIN,VNM,194.7
FIN,ZAF,461.4999999999999
FRA,ARG,1075.3
FRA,AUS,3935.9
FRA,AUT,3835.4
FRA,BEL,18436.5
FRA,BGR,680.3
FRA,BRA,4450.9
FRA,BRN,22.4
FRA,CAN,4922.4
FRA,CHE,11835.6
FRA,CHL,1384.4
FRA,CHN,34130.5
FRA,COL,1015.4
FRA,CRI,104.1
FRA,CYP,100.7
FRA,CZE,4148.4
FRA,DEU,54132.5
FRA,DNK,2108.7
FRA,ESP,33293.50000000001
FRA,EST,333.2000000000001
FRA,FIN,1924.6
FRA,FRA,583645.5000000001
FRA,GBR,26267.9
FRA,GRC,1936.1
FRA,HKG,2805.2
FRA,HRV,451.0000000000001
FRA,HUN,3171.500000000001
FRA,IDN,1673.4
FRA,IND,5109.6
FRA,IRL,16177.9
FRA,ISL,163.3
FRA,ISR,1248.2
FRA,ITA,34212.5
FRA,JPN,9379.699999999999
FRA,KAZ,565.7000000000001
FRA,KHM,91.90000000000001
FRA,KOR,5506.300000000001
FRA,LAO,23.6
FRA,LTU,653.6
FRA,LUX,2221.7
FRA,LVA,173.1
FRA,MAR,4673.5
FRA,MEX,4528.1
FRA,MLT,218.7
FRA,MMR,212.7000000000001
FRA,MYS,2569.2
FRA,NLD,9645.1
FRA,NOR,2475.400000000001
FRA,NZL,582.1999999999999
FRA,PER,300.3
FRA,PHL,1969.6
FRA,POL,8284.9
FRA,PRT,5394.700000000002
FRA,ROU,3631.1
FRA,RUS,9930.399999999998
FRA,SAU,2711
FRA,SGP,3714.4
FRA,SVK,2283.6
FRA,SVN,937.7000000000002
FRA,SWE,4789.5
FRA,THA,2979.5
FRA,TUN,2508.6
FRA,TUR,6989.500000000001
FRA,TWN,2994.3
FRA,USA,36379
FRA,VNM,1556.1
FRA,ZAF,1848.6
GBR,ARG,319.5
GBR,AUS,3960.6
GBR,AUT,1666.7
GBR,BEL,7862.999999999998
GBR,BGR,258.5000000000001
GBR,BRA,1880.7
GBR,BRN,89.19999999999999
GBR,CAN,5278
GBR,CHE,3902.9
GBR,CHL,509.6
GBR,CHN,19195.9
GBR,COL,562.8000000000001
GBR,CRI,121.3
GBR,CYP,995.1999999999998
GBR,CZE,1436
GBR,DEU,21717.7
GBR,DNK,1900.5
GBR,ESP,8578.500000000002
GBR,EST,257.4
GBR,FIN,1132.7
GBR,FRA,16075.5
GBR,GBR,552613.4999999999
GBR,GRC,993.4
GBR,HKG,4282.4
GBR,HRV,148.9
GBR,HUN,1158.2
GBR,IDN,580.7000000000001
GBR,IND,4874.499999999999
GBR,IRL,17997.7
GBR,ISL,265.1
GBR,ISR,2185.7
GBR,ITA,7826.199999999997
GBR,JPN,6972.9
GBR,KAZ,272.4
GBR,KHM,35
GBR,KOR,5089.7
GBR,LAO,10.4
GBR,LTU,433.4
GBR,LUX,291.6
GBR,LVA,148
GBR,MAR,725.5
GBR,MEX,1506.6
GBR,MLT,374.4
GBR,MMR,39.10000000000001
GBR,MYS,749.8
GBR,NLD,13537.9
GBR,NOR,3892
GBR,NZL,684
GBR,PER,161.1
GBR,PHL,524.7000000000001
GBR,POL,4040.3
GBR,PRT,1157.6
GBR,ROU,923.9999999999999
GBR,RUS,2793.7
GBR,SAU,2357.5
GBR,SGP,2595.6
GBR,SVK,582.4
GBR,SVN,288
GBR,SWE,5262.799999999998
GBR,THA,1743.7
GBR,TUN,132
GBR,TUR,3697.5
GBR,TWN,1184
GBR,USA,38478.5
GBR,VNM,741.4
GBR,ZAF,1684
GRC,ARG,18.2
GRC,AUS,269.7
GRC,AUT,301.4
GRC,BEL,189.8
GRC,BGR,1296.9
GRC,BRA,261.5
GRC,BRN,.2
GRC,CAN,303.6
GRC,CHE,244.1
GRC,CHL,26.3
GRC,CHN,500
GRC,COL,70
GRC,CRI,1.8
GRC,CYP,852.4999999999999
GRC,CZE,248.3
GRC,DEU,2203.6
GRC,DNK,152.5
GRC,ESP,986.1000000000003
GRC,EST,26.6
GRC,FIN,107.4
GRC,FRA,1036.4
GRC,GBR,1126.9
GRC,GRC,47551.4
GRC,HKG,27
GRC,HRV,155.8
GRC,HUN,108.8
GRC,IDN,67.19999999999999
GRC,IND,194.5
GRC,IRL,90
GRC,ISL,8.700000000000001
GRC,ISR,373.7000000000001
GRC,ITA,3568.000000000001
GRC,JPN,752.9
GRC,KAZ,21
GRC,KHM,1.2
GRC,KOR,1191.8
GRC,LAO,1.1
GRC,LTU,38.7
GRC,LUX,16.2
GRC,LVA,14.4
GRC,MAR,147.5
GRC,MEX,177.9
GRC,MLT,81.10000000000001
GRC,MMR,.7
GRC,MYS,10.8
GRC,NLD,379.7
GRC,NOR,186.1
GRC,NZL,27.6
GRC,PER,13
GRC,PHL,10.6
GRC,POL,596.2000000000002
GRC,PRT,141.8
GRC,ROU,974.3
GRC,RUS,458.2
GRC,SAU,669.3
GRC,SGP,278.7000000000001
GRC,SVK,140.4
GRC,SVN,152.6
GRC,SWE,233.7
GRC,THA,46.70000000000001
GRC,TUN,277.8
GRC,TUR,2890
GRC,TWN,222.2
GRC,USA,2117.9
GRC,VNM,65.59999999999999
GRC,ZAF,97.59999999999999
HKG,ARG,3.3
HKG,AUS,330
HKG,AUT,95.5
HKG,BEL,514.9
HKG,BGR,27
HKG,BRA,251.8
HKG,BRN,16.8
HKG,CAN,157.6
HKG,CHE,619.6
HKG,CHL,18.40000000000001
HKG,CHN,6233.8
HKG,COL,18.3
HKG,CRI,85.59999999999999
HKG,CYP,6.600000000000001
HKG,CZE,18
HKG,DEU,573.8000000000001
HKG,DNK,56.40000000000001
HKG,ESP,142
HKG,EST,6.2
HKG,FIN,62.90000000000001
HKG,FRA,407.2
HKG,GBR,908.7000000000001
HKG,GRC,19.9
HKG,HKG,32626.6
HKG,HRV,2.7
HKG,HUN,218.2
HKG,IDN,2067.7
HKG,IND,10206.1
HKG,IRL,48.8
HKG,ISL,9.199999999999999
HKG,ISR,909.5000000000001
HKG,ITA,220.8
HKG,JPN,941.4
HKG,KAZ,3.800000000000001
HKG,KHM,981.9000000000001
HKG,KOR,902.0999999999999
HKG,LAO,39.3
HKG,LTU,3.7
HKG,LUX,2.4
HKG,LVA,4.100000000000001
HKG,MAR,15.6
HKG,MEX,100.7
HKG,MLT,6.199999999999999
HKG,MMR,13.3
HKG,MYS,687.8000000000001
HKG,NLD,961.6999999999999
HKG,NOR,48.7
HKG,NZL,25.7
HKG,PER,12.5
HKG,PHL,1011.7
HKG,POL,17
HKG,PRT,19.20000000000001
HKG,ROU,5.5
HKG,RUS,145.8
HKG,SAU,57.3
HKG,SGP,1106.8
HKG,SVK,5.499999999999999
HKG,SVN,2.2
HKG,SWE,243.6
HKG,THA,3125.900000000001
HKG,TUN,12.7
HKG,TUR,133.6
HKG,TWN,1344.5
HKG,USA,2558.4
HKG,VNM,1108.8
HKG,ZAF,84.69999999999999
HRV,ARG,26.30000000000001
HRV,AUS,30.3
HRV,AUT,629.9000000000001
HRV,BEL,100.4
HRV,BGR,46.8
HRV,BRA,8.1
HRV,BRN,0
HRV,CAN,154.2
HRV,CHE,180.2
HRV,CHL,4.7
HRV,CHN,179.5
HRV,COL,3.700000000000001
HRV,CRI,1.6
HRV,CYP,1.4
HRV,CZE,118.7
HRV,DEU,1092.1
HRV,DNK,40.9
HRV,ESP,143.6
HRV,EST,2.3
HRV,FIN,38.49999999999999
HRV,FRA,188.4
HRV,GBR,123.8
HRV,GRC,28.2
HRV,HKG,10.7
HRV,HRV,19167.1
HRV,HUN,248.8
HRV,IDN,24.3
HRV,IND,27.7
HRV,IRL,38.09999999999999
HRV,ISL,2.600000000000001
HRV,ISR,44.39999999999999
HRV,ITA,1275.1
HRV,JPN,77.10000000000001
HRV,KAZ,6.500000000000001
HRV,KHM,.1
HRV,KOR,22.2
HRV,LAO,.1
HRV,LTU,10.8
HRV,LUX,8.799999999999999
HRV,LVA,4.499999999999999
HRV,MAR,7.7
HRV,MEX,21.4
HRV,MLT,24.40000000000001
HRV,MMR,2.1
HRV,MYS,3.100000000000001
HRV,NLD,111.4
HRV,NOR,126.7
HRV,NZL,3.1
HRV,PER,2.5
HRV,PHL,13.1
HRV,POL,125.9
HRV,PRT,32.1
HRV,ROU,105.9
HRV,RUS,156.6
HRV,SAU,39.70000000000001
HRV,SGP,24.2
HRV,SVK,88.50000000000001
HRV,SVN,621.4
HRV,SWE,79.3
HRV,THA,10.6
HRV,TUN,38.1
HRV,TUR,85.09999999999998
HRV,TWN,3.500000000000001
HRV,USA,326.6
HRV,VNM,19.40000000000001
HRV,ZAF,17.3
HUN,ARG,261.7
HUN,AUS,437.5000000000001
HUN,AUT,3775.7
HUN,BEL,1087
HUN,BGR,774.1000000000001
HUN,BRA,338.6000000000001
HUN,BRN,2.1
HUN,CAN,526.2000000000001
HUN,CHE,1204.2
HUN,CHL,69.10000000000001
HUN,CHN,3868.7
HUN,COL,75
HUN,CRI,45.7
HUN,CYP,17.1
HUN,CZE,3117.200000000001
HUN,DEU,20951.2
HUN,DNK,548.5
HUN,ESP,2619.6
HUN,EST,75.7
HUN,FIN,381.1
HUN,FRA,4069.900000000001
HUN,GBR,2578.9
HUN,GRC,385.1
HUN,HKG,69.40000000000001
HUN,HRV,963.6000000000001
HUN,HUN,45139.49999999999
HUN,IDN,73.8
HUN,IND,340
HUN,IRL,301.2000000000001
HUN,ISL,25.3
HUN,ISR,346.9
HUN,ITA,4961.5
HUN,JPN,1138.8
HUN,KAZ,86.10000000000001
HUN,KHM,.7000000000000001
HUN,KOR,638.2000000000001
HUN,LAO,2.2
HUN,LTU,142.6
HUN,LUX,68.40000000000001
HUN,LVA,99.39999999999999
HUN,MAR,201.4
HUN,MEX,1350.6
HUN,MLT,7.299999999999999
HUN,MMR,7.1
HUN,MYS,107
HUN,NLD,1372.7
HUN,NOR,282.1
HUN,NZL,46.2
HUN,PER,37.99999999999999
HUN,PHL,28.4
HUN,POL,3533.1
HUN,PRT,474.6999999999999
HUN,ROU,4306.400000000001
HUN,RUS,1788.3
HUN,SAU,307.8
HUN,SGP,131.3
HUN,SVK,3241
HUN,SVN,565.6
HUN,SWE,1307.7
HUN,THA,168
HUN,TUN,68.09999999999998
HUN,TUR,1287.1
HUN,TWN,265.5
HUN,USA,4269.9
HUN,VNM,196.7
HUN,ZAF,282.3
IDN,ARG,281.6
IDN,AUS,3291.2
IDN,AUT,223.7
IDN,BEL,342.9
IDN,BGR,35.7
IDN,BRA,1101.3
IDN,BRN,59.4
IDN,CAN,1197.9
IDN,CHE,269.6
IDN,CHL,146.8
IDN,CHN,33425.20000000001
IDN,COL,197.1
IDN,CRI,29.9
IDN,CYP,6.499999999999999
IDN,CZE,184.7
IDN,DEU,2796.500000000001
IDN,DNK,149.9
IDN,ESP,2082.9
IDN,EST,48.00000000000001
IDN,FIN,170.1
IDN,FRA,1514.7
IDN,GBR,1207
IDN,GRC,189.1999999999999
IDN,HKG,2141.2
IDN,HRV,13.3
IDN,HUN,117
IDN,IDN,764461.5
IDN,IND,18420.8
IDN,IRL,124.6
IDN,ISL,10.9
IDN,ISR,93.40000000000001
IDN,ITA,1667.2
IDN,JPN,16204.7
IDN,KAZ,99.5
IDN,KHM,250.1
IDN,KOR,9768.4
IDN,LAO,20.1
IDN,LTU,12
IDN,LUX,405.9
IDN,LVA,3.7
IDN,MAR,80.90000000000002
IDN,MEX,1426.2
IDN,MLT,2.5
IDN,MMR,663.5000000000001
IDN,MYS,6272.1
IDN,NLD,1524
IDN,NOR,150.3
IDN,NZL,461.1
IDN,PER,194.3
IDN,PHL,5404.200000000001
IDN,POL,602.6999999999998
IDN,PRT,121.7
IDN,ROU,104.6
IDN,RUS,1452.1
IDN,SAU,1140
IDN,SGP,6850.300000000001
IDN,SVK,88
IDN,SVN,72.29999999999998
IDN,SWE,118.4
IDN,THA,6566.899999999999
IDN,TUN,49.60000000000001
IDN,TUR,1500.4
IDN,TWN,4314.2
IDN,USA,18619.3
IDN,VNM,3814.700000000001
IDN,ZAF,592.9
IND,ARG,1115.6
IND,AUS,5866
IND,AUT,997.8000000000002
IND,BEL,2268.6
IND,BGR,161.5
IND,BRA,4074.8
IND,BRN,70.7
IND,CAN,4418.999999999999
IND,CHE,1286.1
IND,CHL,972.2999999999997
IND,CHN,18870.8
IND,COL,1043.6
IND,CRI,190.1
IND,CYP,42.20000000000001
IND,CZE,592.2000000000001
IND,DEU,8382.4
IND,DNK,814.8
IND,ESP,4569.999999999999
IND,EST,56.2
IND,FIN,498.3
IND,FRA,7539.1
IND,GBR,8903.199999999999
IND,GRC,451.2000000000001
IND,HKG,8062.2
IND,HRV,102.4
IND,HUN,414.5000000000001
IND,IDN,5581.799999999999
IND,IND,2014689.1
IND,IRL,858.3000000000001
IND,ISL,29.9
IND,ISR,1815
IND,ITA,7088.100000000001
IND,JPN,8661.4
IND,KAZ,220.0000000000001
IND,KHM,146
IND,KOR,7834.5
IND,LAO,58.00000000000001
IND,LTU,43.3
IND,LUX,103.5
IND,LVA,63.50000000000001
IND,MAR,673.7000000000001
IND,MEX,5265.4
IND,MLT,67.90000000000001
IND,MMR,1068.3
IND,MYS,5037.900000000002
IND,NLD,2254.3
IND,NOR,1001.6
IND,NZL,503.6
IND,PER,742.7000000000002
IND,PHL,2353.4
IND,POL,1912.9
IND,PRT,832.1999999999999
IND,ROU,378.8
IND,RUS,3398.900000000001
IND,SAU,5744.200000000001
IND,SGP,4313.299999999999
IND,SVK,289.5000000000001
IND,SVN,240.4
IND,SWE,722.4
IND,THA,5286.200000000002
IND,TUN,317.9
IND,TUR,9899.900000000002
IND,TWN,5030.899999999999
IND,USA,59923.00000000001
IND,VNM,5155.399999999999
IND,ZAF,4886.7
IRL,ARG,350.6
IRL,AUS,2302.3
IRL,AUT,845.3999999999999
IRL,BEL,7517.600000000001
IRL,BGR,170.6
IRL,BRA,1316.2
IRL,BRN,4.8
IRL,CAN,3706.000000000001
IRL,CHE,5195.600000000001
IRL,CHL,193.5
IRL,CHN,15983.4
IRL,COL,464.9
IRL,CRI,85.40000000000001
IRL,CYP,71
IRL,CZE,1167.7
IRL,DEU,14150.7
IRL,DNK,1458.2
IRL,ESP,4345
IRL,EST,91
IRL,FIN,1158.6
IRL,FRA,10848.9
IRL,GBR,29766.80000000001
IRL,GRC,702.5000000000001
IRL,HKG,605.1
IRL,HRV,79.60000000000001
IRL,HUN,649
IRL,IDN,271.3
IRL,IND,1325.8
IRL,IRL,47553.20000000001
IRL,ISL,78.3
IRL,ISR,1555.5
IRL,ITA,5566
IRL,JPN,8014.8
IRL,KAZ,182
IRL,KHM,12.1
IRL,KOR,1893.7
IRL,LAO,3.2
IRL,LTU,194.4
IRL,LUX,360.1
IRL,LVA,100.3
IRL,MAR,177
IRL,MEX,1411.7
IRL,MLT,62.00000000000001
IRL,MMR,20.6
IRL,MYS,1249.6
IRL,NLD,6252.899999999999
IRL,NOR,1084.4
IRL,NZL,281.5
IRL,PER,97.2
IRL,PHL,438.9000000000001
IRL,POL,2065.5
IRL,PRT,759.8999999999999
IRL,ROU,641.8999999999999
IRL,RUS,2438.9
IRL,SAU,1527.2
IRL,SGP,952.8999999999999
IRL,SVK,274.3
IRL,SVN,113.8
IRL,SWE,1944.1
IRL,THA,447.6
IRL,TUN,68
IRL,TUR,1131.6
IRL,TWN,952.6000000000003
IRL,USA,68930.8
IRL,VNM,733.6
IRL,ZAF,620.9999999999998
ISL,ARG,2.6
ISL,AUS,7.8
ISL,AUT,104.9
ISL,BEL,52.8
ISL,BGR,2.1
ISL,BRA,10.8
ISL,BRN,0
ISL,CAN,114.4
ISL,CHE,48.4
ISL,CHL,6.600000000000001
ISL,CHN,246.3
ISL,COL,.6
ISL,CRI,.4
ISL,CYP,.1
ISL,CZE,64.89999999999999
ISL,DEU,690.9
ISL,DNK,101.4
ISL,ESP,176.4
ISL,EST,1.3
ISL,FIN,13.5
ISL,FRA,360.6
ISL,GBR,154.8
ISL,GRC,1.9
ISL,HKG,3.5
ISL,HRV,.7
ISL,HUN,52.7
ISL,IDN,7.799999999999999
ISL,IND,10.3
ISL,IRL,22.6
ISL,ISL,4918.999999999999
ISL,ISR,2.5
ISL,ITA,34.2
ISL,JPN,157.5
ISL,KAZ,7.699999999999999
ISL,KHM,0
ISL,KOR,20.7
ISL,LAO,.5
ISL,LTU,7.299999999999999
ISL,LUX,22.9
ISL,LVA,9.799999999999999
ISL,MAR,1.1
ISL,MEX,11.1
ISL,MLT,1.4
ISL,MMR,.1
ISL,MYS,.5
ISL,NLD,560.5999999999999
ISL,NOR,327.4
ISL,NZL,1.2
ISL,PER,.3
ISL,PHL,1.3
ISL,POL,239.5
ISL,PRT,15.3
ISL,ROU,1.4
ISL,RUS,25.8
ISL,SAU,19.3
ISL,SGP,2
ISL,SVK,5.5
ISL,SVN,1.6
ISL,SWE,23.10000000000001
ISL,THA,13.1
ISL,TUN,.1
ISL,TUR,25.2
ISL,TWN,17.4
ISL,USA,912.8000000000001
ISL,VNM,3.700000000000001
ISL,ZAF,7.4
ISR,ARG,162
ISR,AUS,560.4999999999999
ISR,AUT,145.7
ISR,BEL,311.1
ISR,BGR,27.6
ISR,BRA,1139.2
ISR,BRN,0
ISR,CAN,963.1000000000001
ISR,CHE,295
ISR,CHL,102.6
ISR,CHN,3777.2
ISR,COL,103.5
ISR,CRI,41.7
ISR,CYP,168.2
ISR,CZE,142.1
ISR,DEU,1467.9
ISR,DNK,52.60000000000001
ISR,ESP,676.3000000000001
ISR,EST,15.4
ISR,FIN,70.10000000000001
ISR,FRA,1203.8
ISR,GBR,843.3000000000003
ISR,GRC,856.9000000000001
ISR,HKG,758.1
ISR,HRV,19.8
ISR,HUN,142.6
ISR,IDN,44.7
ISR,IND,1242.4
ISR,IRL,113.4
ISR,ISL,42.4
ISR,ISR,80082.10000000001
ISR,ITA,911.0999999999999
ISR,JPN,1684.6
ISR,KAZ,59.8
ISR,KHM,4.800000000000001
ISR,KOR,1191.2
ISR,LAO,.5
ISR,LTU,20.2
ISR,LUX,9.100000000000001
ISR,LVA,6.6
ISR,MAR,1.5
ISR,MEX,627.5
ISR,MLT,37
ISR,MMR,3.6
ISR,MYS,14.5
ISR,NLD,806.2000000000001
ISR,NOR,87.99999999999999
ISR,NZL,83.40000000000001
ISR,PER,67
ISR,PHL,165.4
ISR,POL,370.3
ISR,PRT,127.1
ISR,ROU,128.2
ISR,RUS,752.3000000000002
ISR,SAU,3.100000000000001
ISR,SGP,237.7
ISR,SVK,54.89999999999999
ISR,SVN,73.29999999999998
ISR,SWE,104.7
ISR,THA,348.0000000000001
ISR,TUN,.5
ISR,TUR,2458.1
ISR,TWN,564.9000000000001
ISR,USA,15632.3
ISR,VNM,174.9
ISR,ZAF,222.8
ITA,ARG,1582.8
ITA,AUS,4985.7
ITA,AUT,8970.200000000001
ITA,BEL,6397.700000000001
ITA,BGR,1864.2
ITA,BRA,4026.700000000001
ITA,BRN,25.2
ITA,CAN,6038.400000000001
ITA,CHE,14614.3
ITA,CHL,1283.1
ITA,CHN,21762.3
ITA,COL,775.2000000000001
ITA,CRI,172
ITA,CYP,389.3
ITA,CZE,4972
ITA,DEU,46693.5
ITA,DNK,2176.9
ITA,ESP,21448.3
ITA,EST,355.7999999999999
ITA,FIN,1787.2
ITA,FRA,40545.09999999999
ITA,GBR,18199
ITA,GRC,3861.4
ITA,HKG,3348.5
ITA,HRV,2350.6
ITA,HUN,4262.699999999999
ITA,IDN,1733.8
ITA,IND,8188.200000000001
ITA,IRL,2412.4
ITA,ISL,283.6
ITA,ISR,2390.7
ITA,ITA,835978.4
ITA,JPN,9251.399999999994
ITA,KAZ,1247.1
ITA,KHM,47.3
ITA,KOR,5247.600000000001
ITA,LAO,4.5
ITA,LTU,854.8
ITA,LUX,648.8000000000001
ITA,LVA,296.3
ITA,MAR,2207.5
ITA,MEX,6884.700000000001
ITA,MLT,864.1
ITA,MMR,102.9
ITA,MYS,1054.1
ITA,NLD,5638.199999999999
ITA,NOR,2470.9
ITA,NZL,727.4
ITA,PER,644.4
ITA,PHL,627.3000000000001
ITA,POL,10937.2
ITA,PRT,3505.4
ITA,ROU,5911.000000000001
ITA,RUS,9484.599999999999
ITA,SAU,4719.3
ITA,SGP,1680
ITA,SVK,2566.8
ITA,SVN,3201.000000000001
ITA,SWE,4192.7
ITA,THA,1817.2
ITA,TUN,2728.9
ITA,TUR,9788.699999999999
ITA,TWN,2326.3
ITA,USA,44184.89999999999
ITA,VNM,1751
ITA,ZAF,2690.9
JPN,ARG,908.4999999999998
JPN,AUS,14879.9
JPN,AUT,1749.7
JPN,BEL,3501
JPN,BGR,91.5
JPN,BRA,4257.8
JPN,BRN,138
JPN,CAN,11005.9
JPN,CHE,2445.7
JPN,CHL,2035.4
JPN,CHN,142682.6
JPN,COL,1000.9
JPN,CRI,380.5
JPN,CYP,53.8
JPN,CZE,1693.5
JPN,DEU,16819.7
JPN,DNK,570.2000000000001
JPN,ESP,3740.8
JPN,EST,278.2
JPN,FIN,629.8999999999999
JPN,FRA,9163.700000000001
JPN,GBR,8007.199999999999
JPN,GRC,580.3
JPN,HKG,16881.8
JPN,HRV,23.40000000000001
JPN,HUN,1036.2
JPN,IDN,16123.5
JPN,IND,15548
JPN,IRL,2258.9
JPN,ISL,95.40000000000001
JPN,ISR,2305.9
JPN,ITA,3651.300000000001
JPN,JPN,2392083.8
JPN,KAZ,380.3000000000001
JPN,KHM,495.8
JPN,KOR,44460.49999999999
JPN,LAO,112.6
JPN,LTU,25.9
JPN,LUX,243.3
JPN,LVA,15.3
JPN,MAR,325.5
JPN,MEX,14218
JPN,MLT,49.80000000000001
JPN,MMR,539.8
JPN,MYS,10050.6
JPN,NLD,4476.5
JPN,NOR,1455.7
JPN,NZL,2130.4
JPN,PER,772.6999999999999
JPN,PHL,10243.2
JPN,POL,3118.3
JPN,PRT,314.7000000000001
JPN,ROU,244
JPN,RUS,7900.400000000001
JPN,SAU,6954.900000000001
JPN,SGP,8469.599999999999
JPN,SVK,341.3999999999999
JPN,SVN,168.3
JPN,SWE,1358.1
JPN,THA,30064.6
JPN,TUN,207.8
JPN,TUR,3555
JPN,TWN,35912.6
JPN,USA,110790.8
JPN,VNM,12509.5
JPN,ZAF,2366.6
KAZ,ARG,1
KAZ,AUS,3
KAZ,AUT,4013.199999999999
KAZ,BEL,213.4
KAZ,BGR,6.8
KAZ,BRA,46.90000000000001
KAZ,BRN,0
KAZ,CAN,178.6
KAZ,CHE,1726.5
KAZ,CHL,.1
KAZ,CHN,7247.399999999999
KAZ,COL,5
KAZ,CRI,.1
KAZ,CYP,.7999999999999999
KAZ,CZE,734.9
KAZ,DEU,4917.8
KAZ,DNK,2.8
KAZ,ESP,2430.6
KAZ,EST,9.700000000000001
KAZ,FIN,130.6
KAZ,FRA,4379.8
KAZ,GBR,147.5
KAZ,GRC,2316.6
KAZ,HKG,.5
KAZ,HRV,60.1
KAZ,HUN,676.8000000000001
KAZ,IDN,16.9
KAZ,IND,697.5000000000001
KAZ,IRL,88.40000000000001
KAZ,ISL,0
KAZ,ISR,21.7
KAZ,ITA,2105.999999999999
KAZ,JPN,738.8000000000003
KAZ,KAZ,48612.2
KAZ,KHM,0
KAZ,KOR,1168.5
KAZ,LAO,1.9
KAZ,LTU,899.9000000000001
KAZ,LUX,1.2
KAZ,LVA,6.4
KAZ,MAR,26.8
KAZ,MEX,3.8
KAZ,MLT,2.5
KAZ,MMR,.3
KAZ,MYS,4
KAZ,NLD,45.4
KAZ,NOR,20.2
KAZ,NZL,.4
KAZ,PER,.1
KAZ,PHL,17.9
KAZ,POL,2262.4
KAZ,PRT,1052.9
KAZ,ROU,1512.7
KAZ,RUS,2872.4
KAZ,SAU,13.7
KAZ,SGP,168.6
KAZ,SVK,98.8
KAZ,SVN,3.1
KAZ,SWE,9.700000000000001
KAZ,THA,17.3
KAZ,TUN,19.2
KAZ,TUR,1136.1
KAZ,TWN,56.4
KAZ,USA,1390.2
KAZ,VNM,44.3
KAZ,ZAF,36.5
KHM,ARG,12.1
KHM,AUS,127.5
KHM,AUT,70.59999999999999
KHM,BEL,27.10000000000001
KHM,BGR,1
KHM,BRA,21.4
KHM,BRN,5.2
KHM,CAN,855.1000000000004
KHM,CHE,74.8
KHM,CHL,17.2
KHM,CHN,1077.6
KHM,COL,19.5
KHM,CRI,2.7
KHM,CYP,.4
KHM,CZE,59.99999999999999
KHM,DEU,517.3
KHM,DNK,31.9
KHM,ESP,267.8000000000001
KHM,EST,3.1
KHM,FIN,26.4
KHM,FRA,335.7000000000001
KHM,GBR,471.1
KHM,GRC,8.6
KHM,HKG,68.10000000000001
KHM,HRV,.8999999999999999
KHM,HUN,1.4
KHM,IDN,23.00000000000001
KHM,IND,28
KHM,IRL,66.19999999999999
KHM,ISL,1.5
KHM,ISR,10.5
KHM,ITA,174.3
KHM,JPN,688.5
KHM,KAZ,2.8
KHM,KHM,14169.3
KHM,KOR,172.4
KHM,LAO,.8
KHM,LTU,.5
KHM,LUX,7.4
KHM,LVA,.4
KHM,MAR,2.8
KHM,MEX,185.3
KHM,MLT,.6000000000000001
KHM,MMR,9.800000000000001
KHM,MYS,95.00000000000003
KHM,NLD,72.8
KHM,NOR,38.3
KHM,NZL,8.699999999999999
KHM,PER,8.9
KHM,PHL,18.1
KHM,POL,130.6
KHM,PRT,10.1
KHM,ROU,1.4
KHM,RUS,90.09999999999999
KHM,SAU,18.20000000000001
KHM,SGP,84.19999999999999
KHM,SVK,14.4
KHM,SVN,6
KHM,SWE,22.40000000000001
KHM,THA,308.7
KHM,TUN,.4
KHM,TUR,74.60000000000001
KHM,TWN,72.79999999999997
KHM,USA,1881.5
KHM,VNM,776.9
KHM,ZAF,12.4
KOR,ARG,653.6999999999999
KOR,AUS,9852.200000000001
KOR,AUT,771.9000000000001
KOR,BEL,736.1
KOR,BGR,118.4
KOR,BRA,5430
KOR,BRN,83.49999999999997
KOR,CAN,8099.1
KOR,CHE,669.1999999999999
KOR,CHL,1794.000000000001
KOR,CHN,209726.9
KOR,COL,745.5
KOR,CRI,220.9
KOR,CYP,828.0000000000001
KOR,CZE,2907.8
KOR,DEU,10166.3
KOR,DNK,1739.7
KOR,ESP,3101.6
KOR,EST,83.49999999999999
KOR,FIN,887.3
KOR,FRA,3943.999999999999
KOR,GBR,3767.4
KOR,GRC,1359.6
KOR,HKG,7748.9
KOR,HRV,81.19999999999999
KOR,HUN,1453.7
KOR,IDN,10124
KOR,IND,22536.9
KOR,IRL,1036.6
KOR,ISL,68.00000000000001
KOR,ISR,1312
KOR,ITA,4283.1
KOR,JPN,34780
KOR,KAZ,576.8000000000001
KOR,KHM,256.2
KOR,KOR,1131521.7
KOR,LAO,81.09999999999998
KOR,LTU,59.09999999999999
KOR,LUX,94.19999999999999
KOR,LVA,20.9
KOR,MAR,373.4999999999999
KOR,MEX,16961
KOR,MLT,35.7
KOR,MMR,330
KOR,MYS,8536.499999999996
KOR,NLD,1928.1
KOR,NOR,2754.8
KOR,NZL,2018.1
KOR,PER,762.4000000000001
KOR,PHL,12156.3
KOR,POL,3763.099999999999
KOR,PRT,471.1
KOR,ROU,344.3
KOR,RUS,6862.200000000001
KOR,SAU,5656.499999999999
KOR,SGP,4304.200000000001
KOR,SVK,3913.5
KOR,SVN,345.2000000000001
KOR,SWE,948.8
KOR,THA,8183.600000000002
KOR,TUN,218.5
KOR,TUR,6460.800000000001
KOR,TWN,18999.90000000001
KOR,USA,67540.2
KOR,VNM,30826.90000000001
KOR,ZAF,1493.1
LAO,ARG,.1
LAO,AUS,6.1
LAO,AUT,1.5
LAO,BEL,5.9
LAO,BGR,0
LAO,BRA,.1
LAO,BRN,0
LAO,CAN,10.8
LAO,CHE,20.1
LAO,CHL,0
LAO,CHN,1601.4
LAO,COL,6.100000000000001
LAO,CRI,.6
LAO,CYP,.1
LAO,CZE,2.4
LAO,DEU,78.69999999999999
LAO,DNK,7.4
LAO,ESP,3.200000000000001
LAO,EST,0
LAO,FIN,9.399999999999999
LAO,FRA,45.8
LAO,GBR,17.7
LAO,GRC,.2
LAO,HKG,5
LAO,HRV,0
LAO,HUN,.2
LAO,IDN,5.999999999999999
LAO,IND,17.7
LAO,IRL,.7
LAO,ISL,.1
LAO,ISR,3.4
LAO,ITA,14.9
LAO,JPN,85.09999999999998
LAO,KAZ,0
LAO,KHM,1.6
LAO,KOR,14.3
LAO,LAO,10541.4
LAO,LTU,0
LAO,LUX,.1
LAO,LVA,0
LAO,MAR,0
LAO,MEX,.9
LAO,MLT,0
LAO,MMR,.3
LAO,MYS,1.9
LAO,NLD,2.4
LAO,NOR,1.2
LAO,NZL,.1
LAO,PER,.1
LAO,PHL,2.7
LAO,POL,1.1
LAO,PRT,1.6
LAO,ROU,.1
LAO,RUS,2.2
LAO,SAU,.8
LAO,SGP,1.5
LAO,SVK,6.7
LAO,SVN,.1
LAO,SWE,6.4
LAO,THA,838.9999999999999
LAO,TUN,0
LAO,TUR,15.5
LAO,TWN,15.3
LAO,USA,51.6
LAO,VNM,295.8
LAO,ZAF,.1
LTU,ARG,30.10000000000001
LTU,AUS,73.3
LTU,AUT,132.3
LTU,BEL,220
LTU,BGR,36.00000000000001
LTU,BRA,28
LTU,BRN,.3
LTU,CAN,134.7
LTU,CHE,151.5
LTU,CHL,7.9
LTU,CHN,162.5
LTU,COL,11.2
LTU,CRI,4.6
LTU,CYP,6.899999999999999
LTU,CZE,152.7000000000001
LTU,DEU,1191.8
LTU,DNK,472.1
LTU,ESP,283.8
LTU,EST,499.3000000000001
LTU,FIN,338.2
LTU,FRA,601.1
LTU,GBR,708.6999999999999
LTU,GRC,23.8
LTU,HKG,12.3
LTU,HRV,15.7
LTU,HUN,103.6
LTU,IDN,21.9
LTU,IND,130.5
LTU,IRL,112.3
LTU,ISL,62.29999999999999
LTU,ISR,42.20000000000001
LTU,ITA,450
LTU,JPN,450.1
LTU,KAZ,57.80000000000001
LTU,KHM,.6
LTU,KOR,65.3
LTU,LAO,.1
LTU,LTU,15387.1
LTU,LUX,13.7
LTU,LVA,1615.7
LTU,MAR,45.5
LTU,MEX,16.1
LTU,MLT,4.5
LTU,MMR,.4
LTU,MYS,34.40000000000001
LTU,NLD,382.8
LTU,NOR,716.5
LTU,NZL,18.5
LTU,PER,3.8
LTU,PHL,6.6
LTU,POL,1565.2
LTU,PRT,51.2
LTU,ROU,60.10000000000001
LTU,RUS,548.2000000000001
LTU,SAU,92.39999999999999
LTU,SGP,115.8
LTU,SVK,53.40000000000001
LTU,SVN,21.6
LTU,SWE,898.3000000000001
LTU,THA,15.9
LTU,TUN,2.1
LTU,TUR,74.19999999999999
LTU,TWN,28.2
LTU,USA,990.4
LTU,VNM,19.3
LTU,ZAF,37.2
LUX,ARG,12.1
LUX,AUS,29.4
LUX,AUT,292.6
LUX,BEL,917.5999999999999
LUX,BGR,23.5
LUX,BRA,75.89999999999998
LUX,BRN,0
LUX,CAN,122.3
LUX,CHE,228.5
LUX,CHL,14.4
LUX,CHN,355.8
LUX,COL,9
LUX,CRI,4.499999999999999
LUX,CYP,2.4
LUX,CZE,114.7
LUX,DEU,2659.2
LUX,DNK,100.5
LUX,ESP,437.1
LUX,EST,8.799999999999999
LUX,FIN,50.90000000000001
LUX,FRA,1765.2
LUX,GBR,375.7
LUX,GRC,67.29999999999998
LUX,HKG,14
LUX,HRV,16.7
LUX,HUN,56.6
LUX,IDN,26.2
LUX,IND,101.9
LUX,IRL,65.3
LUX,ISL,8.399999999999999
LUX,ISR,26.5
LUX,ITA,492.8
LUX,JPN,57.90000000000001
LUX,KAZ,3.9
LUX,KHM,2.6
LUX,KOR,60.1
LUX,LAO,.7999999999999999
LUX,LTU,10.1
LUX,LUX,9919.700000000001
LUX,LVA,9.999999999999998
LUX,MAR,20.2
LUX,MEX,63.9
LUX,MLT,1.7
LUX,MMR,0
LUX,MYS,12.7
LUX,NLD,637.8000000000002
LUX,NOR,87.39999999999998
LUX,NZL,7.099999999999999
LUX,PER,4.300000000000001
LUX,PHL,4.4
LUX,POL,338.0000000000001
LUX,PRT,70.2
LUX,ROU,81.2
LUX,RUS,232.4
LUX,SAU,69.20000000000002
LUX,SGP,13.5
LUX,SVK,63.50000000000001
LUX,SVN,45.09999999999999
LUX,SWE,293.8
LUX,THA,23.2
LUX,TUN,9.499999999999998
LUX,TUR,139.6
LUX,TWN,25.5
LUX,USA,355.3
LUX,VNM,35.6
LUX,ZAF,85.59999999999998
LVA,ARG,4.4
LVA,AUS,26.2
LVA,AUT,39.00000000000001
LVA,BEL,69
LVA,BGR,38.00000000000001
LVA,BRA,3.5
LVA,BRN,0
LVA,CAN,40.1
LVA,CHE,43.40000000000001
LVA,CHL,5.599999999999998
LVA,CHN,112.1
LVA,COL,3.5
LVA,CRI,3
LVA,CYP,3.800000000000001
LVA,CZE,56.00000000000001
LVA,DEU,543.6
LVA,DNK,327.1
LVA,ESP,118.9
LVA,EST,410.2000000000001
LVA,FIN,163.5
LVA,FRA,155.1000000000001
LVA,GBR,690.4
LVA,GRC,19.4
LVA,HKG,4.100000000000001
LVA,HRV,3.8
LVA,HUN,34.00000000000001
LVA,IDN,7.9
LVA,IND,44.29999999999999
LVA,IRL,73.7
LVA,ISL,38.60000000000002
LVA,ISR,37.6
LVA,ITA,109.4
LVA,JPN,77.3
LVA,KAZ,18.5
LVA,KHM,.2
LVA,KOR,85.10000000000001
LVA,LAO,.1
LVA,LTU,892.8999999999999
LVA,LUX,2.5
LVA,LVA,7787.3
LVA,MAR,3.3
LVA,MEX,12.2
LVA,MLT,3
LVA,MMR,.3
LVA,MYS,8.1
LVA,NLD,213.2
LVA,NOR,271.6999999999999
LVA,NZL,5.9
LVA,PER,2.6
LVA,PHL,1.3
LVA,POL,233.3
LVA,PRT,6.699999999999999
LVA,ROU,19.8
LVA,RUS,274.1999999999999
LVA,SAU,46.8
LVA,SGP,4.200000000000001
LVA,SVK,16.9
LVA,SVN,8
LVA,SWE,553.4
LVA,THA,10.1
LVA,TUN,.6
LVA,TUR,77.5
LVA,TWN,8.199999999999999
LVA,USA,376
LVA,VNM,9.4
LVA,ZAF,25.9
MAR,ARG,219.6
MAR,AUS,42.9
MAR,AUT,172.6
MAR,BEL,227.1
MAR,BGR,78.8
MAR,BRA,963.6
MAR,BRN,.7
MAR,CAN,307.5
MAR,CHE,254.8
MAR,CHL,8.899999999999999
MAR,CHN,923.3000000000001
MAR,COL,56.10000000000001
MAR,CRI,4.2
MAR,CYP,3.1
MAR,CZE,152.3
MAR,DEU,1082.3
MAR,DNK,23
MAR,ESP,6833.4
MAR,EST,5.600000000000001
MAR,FIN,38.6
MAR,FRA,6225.1
MAR,GBR,598.5
MAR,GRC,18
MAR,HKG,13.5
MAR,HRV,10.2
MAR,HUN,7.2
MAR,IDN,64
MAR,IND,989.9000000000001
MAR,IRL,80.7
MAR,ISL,5.1
MAR,ISR,31.9
MAR,ITA,1028.9
MAR,JPN,864.4
MAR,KAZ,13.8
MAR,KHM,0
MAR,KOR,222.7
MAR,LAO,.5
MAR,LTU,7.499999999999999
MAR,LUX,15.7
MAR,LVA,1.9
MAR,MAR,54672.2
MAR,MEX,455.1
MAR,MLT,14.1
MAR,MMR,1.4
MAR,MYS,20.5
MAR,NLD,373.5000000000001
MAR,NOR,87.00000000000001
MAR,NZL,90.09999999999998
MAR,PER,13
MAR,PHL,9.1
MAR,POL,400.4
MAR,PRT,196.4
MAR,ROU,159.5
MAR,RUS,449.7000000000001
MAR,SAU,182.2
MAR,SGP,50.80000000000001
MAR,SVK,80
MAR,SVN,28.5
MAR,SWE,96.8
MAR,THA,61.8
MAR,TUN,95.10000000000001
MAR,TUR,589.3000000000001
MAR,TWN,270.9
MAR,USA,1724.3
MAR,VNM,43.6
MAR,ZAF,60.1
MEX,ARG,1719.7
MEX,AUS,2360.9
MEX,AUT,292
MEX,BEL,1051.8
MEX,BGR,3.600000000000001
MEX,BRA,4412.500000000001
MEX,BRN,3.8
MEX,CAN,24655.4
MEX,CHE,539.7000000000001
MEX,CHL,1851.4
MEX,CHN,10269.8
MEX,COL,3868.699999999999
MEX,CRI,934.3
MEX,CYP,8.799999999999999
MEX,CZE,384.2999999999999
MEX,DEU,5938.999999999999
MEX,DNK,105.1
MEX,ESP,4569.5
MEX,EST,21.8
MEX,FIN,188.8
MEX,FRA,2214.9
MEX,GBR,1606.1
MEX,GRC,23.5
MEX,HKG,258.3999999999999
MEX,HRV,2.9
MEX,HUN,151
MEX,IDN,269.3
MEX,IND,4685.2
MEX,IRL,241
MEX,ISL,14.4
MEX,ISR,292.8
MEX,ITA,916.0999999999999
MEX,JPN,6582.5
MEX,KAZ,56.60000000000002
MEX,KHM,6.500000000000001
MEX,KOR,3716.099999999999
MEX,LAO,8.5
MEX,LTU,9.199999999999998
MEX,LUX,23.5
MEX,LVA,3.2
MEX,MAR,105.5
MEX,MEX,500444.5
MEX,MLT,.4
MEX,MMR,9.899999999999999
MEX,MYS,212.5
MEX,NLD,1034.1
MEX,NOR,193.2
MEX,NZL,203.7
MEX,PER,1744.5
MEX,PHL,137.2
MEX,POL,597
MEX,PRT,157.5
MEX,ROU,116.2
MEX,RUS,818.4
MEX,SAU,859.3000000000001
MEX,SGP,910.4999999999999
MEX,SVK,93.69999999999999
MEX,SVN,47.79999999999999
MEX,SWE,82.00000000000001
MEX,THA,559.2000000000001
MEX,TUN,20.3
MEX,TUR,750.6000000000001
MEX,TWN,596.5999999999999
MEX,USA,282557.2
MEX,VNM,1065.4
MEX,ZAF,599.5
MLT,ARG,1.1
MLT,AUS,7.499999999999999
MLT,AUT,9.699999999999999
MLT,BEL,10.3
MLT,BGR,10.7
MLT,BRA,7.499999999999999
MLT,BRN,.2
MLT,CAN,15.6
MLT,CHE,11.4
MLT,CHL,64.49999999999999
MLT,CHN,248.3
MLT,COL,.8
MLT,CRI,.4
MLT,CYP,1.6
MLT,CZE,11.5
MLT,DEU,195
MLT,DNK,11.9
MLT,ESP,61.1
MLT,EST,.9
MLT,FIN,6.9
MLT,FRA,156.8
MLT,GBR,59.6
MLT,GRC,13.2
MLT,HKG,16
MLT,HRV,3.8
MLT,HUN,5.200000000000001
MLT,IDN,3.7
MLT,IND,10.9
MLT,IRL,50.2
MLT,ISL,1.1
MLT,ISR,6.499999999999999
MLT,ITA,230.2
MLT,JPN,84.99999999999999
MLT,KAZ,.4
MLT,KHM,.3
MLT,KOR,45.7
MLT,LAO,0
MLT,LTU,2.2
MLT,LUX,.6
MLT,LVA,1.1
MLT,MAR,.5
MLT,MEX,33.8
MLT,MLT,1860.500000000001
MLT,MMR,0
MLT,MYS,47.5
MLT,NLD,25.7
MLT,NOR,13.3
MLT,NZL,1.4
MLT,PER,.8
MLT,PHL,9.199999999999999
MLT,POL,19.1
MLT,PRT,13.7
MLT,ROU,9.299999999999999
MLT,RUS,19.9
MLT,SAU,9.800000000000001
MLT,SGP,37.70000000000001
MLT,SVK,3.8
MLT,SVN,2.100000000000001
MLT,SWE,28.10000000000001
MLT,THA,12
MLT,TUN,25
MLT,TUR,8.699999999999999
MLT,TWN,12.5
MLT,USA,113.9
MLT,VNM,4.4
MLT,ZAF,9.799999999999999
MMR,ARG,5.699999999999999
MMR,AUS,64.5
MMR,AUT,41.3
MMR,BEL,147.3
MMR,BGR,17
MMR,BRA,23.5
MMR,BRN,1.7
MMR,CAN,92.7
MMR,CHE,37.7
MMR,CHL,10.1
MMR,CHN,4710.3
MMR,COL,4.5
MMR,CRI,.5
MMR,CYP,.4
MMR,CZE,53.40000000000001
MMR,DEU,395.8
MMR,DNK,31.4
MMR,ESP,170.7
MMR,EST,1.6
MMR,FIN,13.7
MMR,FRA,169.7
MMR,GBR,246.2
MMR,GRC,15.7
MMR,HKG,74.80000000000001
MMR,HRV,5.200000000000001
MMR,HUN,4.6
MMR,IDN,259.2000000000001
MMR,IND,544.3
MMR,IRL,85.8
MMR,ISL,.6
MMR,ISR,6.699999999999999
MMR,ITA,137.1
MMR,JPN,970.7999999999998
MMR,KAZ,1.5
MMR,KHM,13
MMR,KOR,433.5000000000001
MMR,LAO,1.5
MMR,LTU,10.2
MMR,LUX,3.3
MMR,LVA,1.9
MMR,MAR,1.2
MMR,MEX,22.8
MMR,MLT,.2
MMR,MMR,94501.7
MMR,MYS,457.6
MMR,NLD,60.6
MMR,NOR,20.1
MMR,NZL,3.8
MMR,PER,24.9
MMR,PHL,70.20000000000002
MMR,POL,118.2
MMR,PRT,20.7
MMR,ROU,7.3
MMR,RUS,66.10000000000002
MMR,SAU,66.89999999999999
MMR,SGP,207.3
MMR,SVK,11.2
MMR,SVN,3.2
MMR,SWE,15.8
MMR,THA,2543.7
MMR,TUN,0
MMR,TUR,68
MMR,TWN,149
MMR,USA,666.1999999999999
MMR,VNM,197.2
MMR,ZAF,4.700000000000001
MYS,ARG,201.4
MYS,AUS,5414.6
MYS,AUT,260.8
MYS,BEL,293.8
MYS,BGR,41.6
MYS,BRA,942.6
MYS,BRN,353.2
MYS,CAN,1362.5
MYS,CHE,382.8
MYS,CHL,147.8
MYS,CHN,40745.10000000001
MYS,COL,132.7
MYS,CRI,37.90000000000001
MYS,CYP,4.9
MYS,CZE,421.4
MYS,DEU,4154.1
MYS,DNK,118
MYS,ESP,661.8
MYS,EST,57.9
MYS,FIN,181
MYS,FRA,1513.7
MYS,GBR,1094.9
MYS,GRC,51.3
MYS,HKG,2209.7
MYS,HRV,6.100000000000001
MYS,HUN,190.8
MYS,IDN,5720.5
MYS,IND,9197.300000000001
MYS,IRL,246.6
MYS,ISL,7.7
MYS,ISR,128.4
MYS,ITA,789.1
MYS,JPN,7887.1
MYS,KAZ,92.39999999999998
MYS,KHM,161.6
MYS,KOR,6711.9
MYS,LAO,8.199999999999999
MYS,LTU,7
MYS,LUX,8.1
MYS,LVA,4.999999999999999
MYS,MAR,62.5
MYS,MEX,6102.8
MYS,MLT,12.3
MYS,MMR,465.4
MYS,MYS,289738.3
MYS,NLD,2444.6
MYS,NOR,229.8
MYS,NZL,1086.5
MYS,PER,148.9
MYS,PHL,2833.9
MYS,POL,466.7
MYS,PRT,75.59999999999998
MYS,ROU,51.6
MYS,RUS,1052.4
MYS,SAU,762.3000000000001
MYS,SGP,9268.5
MYS,SVK,181.5
MYS,SVN,20
MYS,SWE,203.6
MYS,THA,7428.800000000002
MYS,TUN,34.49999999999999
MYS,TUR,1606.6
MYS,TWN,5258.6
MYS,USA,20926.4
MYS,VNM,6458.799999999999
MYS,ZAF,566.6
NLD,ARG,301
NLD,AUS,1776.7
NLD,AUT,3055.8
NLD,BEL,28308.6
NLD,BGR,697.0999999999999
NLD,BRA,2076.3
NLD,BRN,17
NLD,CAN,2438.4
NLD,CHE,3912.900000000001
NLD,CHL,312.4999999999999
NLD,CHN,8812.799999999999
NLD,COL,195.6
NLD,CRI,59.10000000000001
NLD,CYP,159
NLD,CZE,2537.500000000001
NLD,DEU,52653.3
NLD,DNK,4013.199999999999
NLD,ESP,9377.700000000003
NLD,EST,320.2000000000001
NLD,FIN,2541.8
NLD,FRA,23011.7
NLD,GBR,27215.19999999999
NLD,GRC,2346.1
NLD,HKG,1330.9
NLD,HRV,520.9
NLD,HUN,3296.9
NLD,IDN,956.3
NLD,IND,2601.1
NLD,IRL,4061.1
NLD,ISL,279.3999999999999
NLD,ISR,990.8000000000001
NLD,ITA,17354.2
NLD,JPN,2563.5
NLD,KAZ,175.9999999999999
NLD,KHM,20.2
NLD,KOR,4794.400000000001
NLD,LAO,2.5
NLD,LTU,824.7999999999998
NLD,LUX,738.1999999999998
NLD,LVA,268.6
NLD,MAR,499.5
NLD,MEX,1652.3
NLD,MLT,129.2
NLD,MMR,18.3
NLD,MYS,753.9000000000001
NLD,NLD,170162.5
NLD,NOR,2365.4
NLD,NZL,434.5999999999999
NLD,PER,132.3
NLD,PHL,486.1999999999999
NLD,POL,6064.6
NLD,PRT,2675.799999999999
NLD,ROU,2100.9
NLD,RUS,2833.400000000001
NLD,SAU,959.8
NLD,SGP,1139.4
NLD,SVK,791.7000000000002
NLD,SVN,328.8
NLD,SWE,7726.5
NLD,THA,683.8
NLD,TUN,139.6
NLD,TUR,1724.8
NLD,TWN,2648.3
NLD,USA,12692.4
NLD,VNM,509.2000000000001
NLD,ZAF,838.5999999999998
NOR,ARG,56.3
NOR,AUS,330.0000000000001
NOR,AUT,253.1
NOR,BEL,7998.499999999998
NOR,BGR,19
NOR,BRA,883.9
NOR,BRN,4.300000000000001
NOR,CAN,1264
NOR,CHE,279.2999999999999
NOR,CHL,239.9
NOR,CHN,2775
NOR,COL,22.5
NOR,CRI,3.2
NOR,CYP,5.499999999999997
NOR,CZE,162.1
NOR,DEU,19432.6
NOR,DNK,3647.8
NOR,ESP,1989.3
NOR,EST,109.2
NOR,FIN,1651.1
NOR,FRA,4087.3
NOR,GBR,24862.4
NOR,GRC,68.90000000000001
NOR,HKG,38.40000000000001
NOR,HRV,56.3
NOR,HUN,19.7
NOR,IDN,156.7
NOR,IND,428.9
NOR,IRL,852.3
NOR,ISL,461.4
NOR,ISR,119.5
NOR,ITA,1629.6
NOR,JPN,1455.9
NOR,KAZ,36.90000000000001
NOR,KHM,.5
NOR,KOR,1248.9
NOR,LAO,3.5
NOR,LTU,366.6
NOR,LUX,38.3
NOR,LVA,42.1
NOR,MAR,95.50000000000001
NOR,MEX,135.1
NOR,MLT,48.4
NOR,MMR,5.500000000000001
NOR,MYS,127
NOR,NLD,5812.899999999999
NOR,NOR,107576.8
NOR,NZL,39.79999999999999
NOR,PER,12.8
NOR,PHL,41.09999999999999
NOR,POL,2441.1
NOR,PRT,180.4
NOR,ROU,39.6
NOR,RUS,523.5
NOR,SAU,124.6
NOR,SGP,187.9
NOR,SVK,46
NOR,SVN,26.69999999999999
NOR,SWE,8760.299999999999
NOR,THA,185.4
NOR,TUN,5.1
NOR,TUR,1139.2
NOR,TWN,259
NOR,USA,8324.699999999999
NOR,VNM,202
NOR,ZAF,128
NZL,ARG,13.7
NZL,AUS,5360.6
NZL,AUT,40.29999999999999
NZL,BEL,152.3
NZL,BGR,5.6
NZL,BRA,93.89999999999999
NZL,BRN,5.799999999999999
NZL,CAN,429.5000000000001
NZL,CHE,126.5
NZL,CHL,106.9
NZL,CHN,8775.700000000001
NZL,COL,6.5
NZL,CRI,7.600000000000001
NZL,CYP,7.6
NZL,CZE,17.2
NZL,DEU,504.4999999999999
NZL,DNK,55.40000000000001
NZL,ESP,128.5
NZL,EST,4.8
NZL,FIN,32.8
NZL,FRA,260.4
NZL,GBR,823.4000000000001
NZL,GRC,37
NZL,HKG,347.9
NZL,HRV,1.4
NZL,HUN,5.600000000000001
NZL,IDN,545.5
NZL,IND,893.8000000000002
NZL,IRL,63.2
NZL,ISL,3.4
NZL,ISR,32.7
NZL,ITA,182.1
NZL,JPN,1977
NZL,KAZ,2.5
NZL,KHM,4.9
NZL,KOR,1104
NZL,LAO,.8999999999999999
NZL,LTU,5.1
NZL,LUX,4.6
NZL,LVA,2
NZL,MAR,38.6
NZL,MEX,261.7
NZL,MLT,1.9
NZL,MMR,26.30000000000001
NZL,MYS,635.7000000000001
NZL,NLD,216.4
NZL,NOR,25.50000000000001
NZL,NZL,71995.8
NZL,PER,69.59999999999999
NZL,PHL,443.2000000000002
NZL,POL,102.1
NZL,PRT,23.00000000000001
NZL,ROU,3.700000000000002
NZL,RUS,101
NZL,SAU,240.8
NZL,SGP,602.9000000000001
NZL,SVK,4
NZL,SVN,1.2
NZL,SWE,34
NZL,THA,517.6999999999999
NZL,TUN,4.699999999999999
NZL,TUR,100.8
NZL,TWN,781.0999999999999
NZL,USA,2809.600000000001
NZL,VNM,378.4
NZL,ZAF,106.2
PER,ARG,167.8
PER,AUS,448.8000000000001
PER,AUT,78.69999999999999
PER,BEL,105.8
PER,BGR,1.9
PER,BRA,1507.5
PER,BRN,0
PER,CAN,1235.9
PER,CHE,547.0999999999998
PER,CHL,1471.4
PER,CHN,8053.299999999999
PER,COL,688.6000000000003
PER,CRI,56.2
PER,CYP,.6
PER,CZE,6.299999999999999
PER,DEU,690.0000000000001
PER,DNK,47.20000000000001
PER,ESP,1870.2
PER,EST,2.1
PER,FIN,181.9
PER,FRA,386.2000000000001
PER,GBR,214.3
PER,GRC,3.700000000000001
PER,HKG,33.10000000000001
PER,HRV,0
PER,HUN,1.1
PER,IDN,42.20000000000001
PER,IND,1426
PER,IRL,15
PER,ISL,1.9
PER,ISR,15.6
PER,ITA,844.0999999999999
PER,JPN,8271.200000000001
PER,KAZ,4.9
PER,KHM,0
PER,KOR,2462.6
PER,LAO,.4
PER,LTU,.9999999999999999
PER,LUX,7.4
PER,LVA,.1
PER,MAR,9.799999999999999
PER,MEX,477.6
PER,MLT,.3
PER,MMR,0
PER,MYS,21
PER,NLD,157.4
PER,NOR,86.8
PER,NZL,21.5
PER,PER,96418.99999999999
PER,PHL,77.8
PER,POL,75.29999999999998
PER,PRT,51.6
PER,ROU,1.9
PER,RUS,48.8
PER,SAU,6.699999999999999
PER,SGP,6.800000000000001
PER,SVK,28.8
PER,SVN,1.7
PER,SWE,53.20000000000001
PER,THA,105
PER,TUN,1
PER,TUR,184.2
PER,TWN,329.8
PER,USA,6140.4
PER,VNM,32.6
PER,ZAF,98
PHL,ARG,87.80000000000001
PHL,AUS,476.6000000000001
PHL,AUT,103.7
PHL,BEL,58.50000000000001
PHL,BGR,25.4
PHL,BRA,196.4
PHL,BRN,14.2
PHL,CAN,874.0000000000002
PHL,CHE,191.2
PHL,CHL,33.1
PHL,CHN,11590.9
PHL,COL,40.3
PHL,CRI,8.5
PHL,CYP,15.4
PHL,CZE,124
PHL,DEU,1858.5
PHL,DNK,48.8
PHL,ESP,337.3
PHL,EST,11.1
PHL,FIN,77.60000000000001
PHL,FRA,1139.4
PHL,GBR,567.0999999999999
PHL,GRC,9.199999999999998
PHL,HKG,1196
PHL,HRV,4.300000000000001
PHL,HUN,88.60000000000001
PHL,IDN,656.4000000000001
PHL,IND,503.5
PHL,IRL,83.69999999999999
PHL,ISL,3
PHL,ISR,48.6
PHL,ITA,279.6
PHL,JPN,8480
PHL,KAZ,8.9
PHL,KHM,28.60000000000001
PHL,KOR,2592.400000000001
PHL,LAO,1
PHL,LTU,2.7
PHL,LUX,5.6
PHL,LVA,.6
PHL,MAR,12.7
PHL,MEX,1802.3
PHL,MLT,8.899999999999999
PHL,MMR,29.8
PHL,MYS,1083.8
PHL,NLD,863.4000000000001
PHL,NOR,56.90000000000001
PHL,NZL,102.8
PHL,PER,44.90000000000001
PHL,PHL,216421.8
PHL,POL,226.2
PHL,PRT,32.7
PHL,ROU,16.8
PHL,RUS,287.9000000000002
PHL,SAU,210.4
PHL,SGP,1469.200000000001
PHL,SVK,23
PHL,SVN,6.8
PHL,SWE,39
PHL,THA,2326.8
PHL,TUN,19.4
PHL,TUR,96.09999999999999
PHL,TWN,1631.5
PHL,USA,8119.400000000002
PHL,VNM,477.9999999999999
PHL,ZAF,90.8
POL,ARG,232.4
POL,AUS,722.9
POL,AUT,3834
POL,BEL,2680.999999999999
POL,BGR,823.7000000000001
POL,BRA,572.4
POL,BRN,1.3
POL,CAN,1381.6
POL,CHE,2318.800000000001
POL,CHL,168.6
POL,CHN,3755
POL,COL,100
POL,CRI,17.6
POL,CYP,31.09999999999999
POL,CZE,10352.4
POL,DEU,43513.7
POL,DNK,2846.900000000001
POL,ESP,5633.2
POL,EST,601.5999999999999
POL,FIN,1768.2
POL,FRA,10755
POL,GBR,10034.9
POL,GRC,771
POL,HKG,178.3
POL,HRV,663.2000000000001
POL,HUN,4966.900000000001
POL,IDN,162
POL,IND,1266.8
POL,IRL,839.3000000000001
POL,ISL,206.4
POL,ISR,533.1000000000001
POL,ITA,10155.7
POL,JPN,1090.5
POL,KAZ,245.5
POL,KHM,13.3
POL,KOR,608.6
POL,LAO,4.7
POL,LTU,2250.1
POL,LUX,314.3
POL,LVA,998.1999999999999
POL,MAR,307.1
POL,MEX,1031.8
POL,MLT,36
POL,MMR,11.8
POL,MYS,121.5
POL,NLD,5579.999999999999
POL,NOR,2822.1
POL,NZL,106.5
POL,PER,69.7
POL,PHL,74.69999999999997
POL,POL,256019.4999999999
POL,PRT,779.9000000000001
POL,ROU,3771.200000000001
POL,RUS,4962.2
POL,SAU,1017.9
POL,SGP,196.2
POL,SVK,4087.700000000001
POL,SVN,713.7999999999998
POL,SWE,4977.900000000001
POL,THA,327.3
POL,TUN,107.4
POL,TUR,2779.9
POL,TWN,232.9000000000001
POL,USA,6146.199999999999
POL,VNM,289.4
POL,ZAF,905.7000000000001
PRT,ARG,149.3
PRT,AUS,218.4
PRT,AUT,634.1999999999999
PRT,BEL,768
PRT,BGR,38.50000000000001
PRT,BRA,867.5000000000001
PRT,BRN,.5
PRT,CAN,483.6999999999999
PRT,CHE,1090.2
PRT,CHL,202.5000000000001
PRT,CHN,2354.8
PRT,COL,72.09999999999999
PRT,CRI,15.6
PRT,CYP,17.9
PRT,CZE,383.8
PRT,DEU,5237.9
PRT,DNK,227.8
PRT,ESP,11760.7
PRT,EST,20.9
PRT,FIN,327.2000000000001
PRT,FRA,6786.900000000001
PRT,GBR,3438
PRT,GRC,150
PRT,HKG,122.2
PRT,HRV,28.4
PRT,HUN,181.9
PRT,IDN,36.8
PRT,IND,184.5
PRT,IRL,400
PRT,ISL,22.1
PRT,ISR,214.1
PRT,ITA,2145.8
PRT,JPN,379.8000000000001
PRT,KAZ,17.3
PRT,KHM,5
PRT,KOR,323
PRT,LAO,1.2
PRT,LTU,64.2
PRT,LUX,146.5
PRT,LVA,13.7
PRT,MAR,1059
PRT,MEX,596.2000000000001
PRT,MLT,22.10000000000001
PRT,MMR,1
PRT,MYS,46.59999999999999
PRT,NLD,1213.8
PRT,NOR,294.7
PRT,NZL,32.8
PRT,PER,35.7
PRT,PHL,11.8
PRT,POL,861.4000000000001
PRT,PRT,69062.09999999999
PRT,ROU,328.1
PRT,RUS,516.4
PRT,SAU,136.9
PRT,SGP,118.4
PRT,SVK,223.5
PRT,SVN,109.7
PRT,SWE,467.7
PRT,THA,59
PRT,TUN,127.6
PRT,TUR,681.0999999999999
PRT,TWN,118
PRT,USA,3957.5
PRT,VNM,63.2
PRT,ZAF,288.1
ROU,ARG,80.20000000000002
ROU,AUS,109.8
ROU,AUT,1025.9
ROU,BEL,533.1
ROU,BGR,1378
ROU,BRA,103.1
ROU,BRN,.4
ROU,CAN,253.8
ROU,CHE,499.3000000000001
ROU,CHL,49.2
ROU,CHN,1639.4
ROU,COL,137.9
ROU,CRI,2
ROU,CYP,29.9
ROU,CZE,1308.8
ROU,DEU,9645.400000000002
ROU,DNK,130.3
ROU,ESP,1591.3
ROU,EST,42.7
ROU,FIN,160.3
ROU,FRA,3376.7
ROU,GBR,2558.6
ROU,GRC,630.9
ROU,HKG,51.40000000000001
ROU,HRV,128.6
ROU,HUN,1833.3
ROU,IDN,29.3
ROU,IND,376.0999999999999
ROU,IRL,93.59999999999999
ROU,ISL,10.8
ROU,ISR,224
ROU,ITA,5434.5
ROU,JPN,597.6
ROU,KAZ,317.3
ROU,KHM,.1
ROU,KOR,295.1
ROU,LAO,.7
ROU,LTU,43.00000000000001
ROU,LUX,22.3
ROU,LVA,10.7
ROU,MAR,405.5
ROU,MEX,351.4
ROU,MLT,5.800000000000001
ROU,MMR,2.9
ROU,MYS,18.1
ROU,NLD,745.0000000000001
ROU,NOR,263.5
ROU,NZL,24.9
ROU,PER,12.6
ROU,PHL,19.8
ROU,POL,1567.1
ROU,PRT,188.3
ROU,ROU,105160.7
ROU,RUS,1342.3
ROU,SAU,292.9
ROU,SGP,38.49999999999999
ROU,SVK,691.4
ROU,SVN,283.4
ROU,SWE,233.9
ROU,THA,76.10000000000001
ROU,TUN,68.3
ROU,TUR,1599.8
ROU,TWN,90.2
ROU,USA,1688.9
ROU,VNM,44.70000000000001
ROU,ZAF,352.1
RUS,ARG,355.1
RUS,AUS,168.5000000000001
RUS,AUT,997.8000000000001
RUS,BEL,4114.299999999999
RUS,BGR,6445.300000000001
RUS,BRA,2897.000000000001
RUS,BRN,.2
RUS,CAN,1137.4
RUS,CHE,515.5999999999999
RUS,CHL,62.9
RUS,CHN,58685.19999999999
RUS,COL,269.3
RUS,CRI,55.50000000000001
RUS,CYP,292.1
RUS,CZE,5085.2
RUS,DEU,29699.60000000001
RUS,DNK,2273.4
RUS,ESP,3153.3
RUS,EST,959.6999999999999
RUS,FIN,6781.900000000001
RUS,FRA,11035.7
RUS,GBR,8346.6
RUS,GRC,4521.700000000001
RUS,HKG,541.9000000000001
RUS,HRV,372.1
RUS,HUN,4416.8
RUS,IDN,1541.3
RUS,IND,4587.4
RUS,IRL,745.3000000000001
RUS,ISL,59.50000000000001
RUS,ISR,8828
RUS,ITA,15203.2
RUS,JPN,14108.3
RUS,KAZ,11491.8
RUS,KHM,16.3
RUS,KOR,14720.1
RUS,LAO,10.9
RUS,LTU,3496.000000000001
RUS,LUX,41.4
RUS,LVA,903.1000000000001
RUS,MAR,1319.3
RUS,MEX,1500.5
RUS,MLT,30.5
RUS,MMR,21.20000000000001
RUS,MYS,584.8000000000001
RUS,NLD,9329.199999999999
RUS,NOR,1711.6
RUS,NZL,155.5
RUS,PER,289.5999999999999
RUS,PHL,1104.6
RUS,POL,14753.9
RUS,PRT,1402.8
RUS,ROU,2734.900000000001
RUS,RUS,791929.2000000002
RUS,SAU,1230.4
RUS,SGP,2134.8
RUS,SVK,4542.500000000001
RUS,SVN,403.0000000000001
RUS,SWE,4748.000000000001
RUS,THA,1479.9
RUS,TUN,378.5000000000001
RUS,TUR,12926.9
RUS,TWN,3204
RUS,USA,18621.8
RUS,VNM,2372.1
RUS,ZAF,421.8000000000001
SAU,ARG,99.49999999999999
SAU,AUS,278.0000000000001
SAU,AUT,138.9
SAU,BEL,443.4
SAU,BGR,4.000000000000001
SAU,BRA,2032.9
SAU,BRN,2.9
SAU,CAN,3921.5
SAU,CHE,138.9
SAU,CHL,8.800000000000001
SAU,CHN,62197.8
SAU,COL,71.10000000000001
SAU,CRI,3.2
SAU,CYP,5.500000000000001
SAU,CZE,116.9
SAU,DEU,1410
SAU,DNK,15.5
SAU,ESP,5912.3
SAU,EST,6.5
SAU,FIN,24.7
SAU,FRA,8705.199999999999
SAU,GBR,2304.6
SAU,GRC,1675.8
SAU,HKG,132.8
SAU,HRV,35
SAU,HUN,3
SAU,IDN,6005.200000000002
SAU,IND,34675.7
SAU,IRL,18.6
SAU,ISL,3.600000000000001
SAU,ISR,143.4
SAU,ITA,6972.000000000001
SAU,JPN,1850.4
SAU,KAZ,5.999999999999999
SAU,KHM,6.499999999999999
SAU,KOR,28739.39999999999
SAU,LAO,3.5
SAU,LTU,671.6
SAU,LUX,5.6
SAU,LVA,0
SAU,MAR,576.1
SAU,MEX,57.8
SAU,MLT,14.9
SAU,MMR,68.7
SAU,MYS,2202.4
SAU,NLD,1377.8
SAU,NOR,16.2
SAU,NZL,460.5000000000001
SAU,PER,261.1
SAU,PHL,2180.1
SAU,POL,1637.4
SAU,PRT,1080.5
SAU,ROU,12.3
SAU,RUS,166.6
SAU,SAU,204748
SAU,SGP,6521.299999999999
SAU,SVK,18.3
SAU,SVN,33.3
SAU,SWE,113.5
SAU,THA,5108
SAU,TUN,158.2
SAU,TUR,4262.799999999998
SAU,TWN,9414.4
SAU,USA,39676
SAU,VNM,1000
SAU,ZAF,5120.1
SGP,ARG,95.40000000000001
SGP,AUS,7503.700000000001
SGP,AUT,184
SGP,BEL,1361.9
SGP,BGR,39.50000000000001
SGP,BRA,593.0999999999999
SGP,BRN,573.2000000000001
SGP,CAN,757.5999999999999
SGP,CHE,1175.7
SGP,CHL,66.2
SGP,CHN,28270.4
SGP,COL,86.90000000000001
SGP,CRI,46.2
SGP,CYP,15.5
SGP,CZE,247.4
SGP,DEU,4853.2
SGP,DNK,205.5
SGP,ESP,574.6
SGP,EST,9.9
SGP,FIN,208.7
SGP,FRA,2661.4
SGP,GBR,1053.7
SGP,GRC,29.1
SGP,HKG,8410.700000000001
SGP,HRV,4.2
SGP,HUN,286.2
SGP,IDN,20974
SGP,IND,12122.9
SGP,IRL,792.8
SGP,ISL,39.2
SGP,ISR,483.8
SGP,ITA,441.4
SGP,JPN,8308.299999999998
SGP,KAZ,34.2
SGP,KHM,219.9
SGP,KOR,7460.1
SGP,LAO,51.5
SGP,LTU,3.4
SGP,LUX,12.2
SGP,LVA,2.8
SGP,MAR,116.4
SGP,MEX,1705.3
SGP,MLT,33.1
SGP,MMR,3284.5
SGP,MYS,12658
SGP,NLD,2263.9
SGP,NOR,396.5
SGP,NZL,1342.5
SGP,PER,53.8
SGP,PHL,5959.299999999998
SGP,POL,323.2000000000001
SGP,PRT,48.10000000000002
SGP,ROU,31.8
SGP,RUS,573.4000000000002
SGP,SAU,551.8999999999999
SGP,SGP,82454.59999999999
SGP,SVK,28.3
SGP,SVN,13
SGP,SWE,160.2000000000001
SGP,THA,5934.4
SGP,TUN,23.2
SGP,TUR,294.2000000000001
SGP,TWN,7059.799999999999
SGP,USA,18835.5
SGP,VNM,6720.8
SGP,ZAF,504.1000000000001
SVK,ARG,57
SVK,AUS,172.9
SVK,AUT,2938.1
SVK,BEL,593.8999999999999
SVK,BGR,245.9000000000001
SVK,BRA,108.5
SVK,BRN,.3
SVK,CAN,604.2000000000003
SVK,CHE,930.2000000000001
SVK,CHL,20.8
SVK,CHN,4395
SVK,COL,69.60000000000001
SVK,CRI,3
SVK,CYP,9.799999999999997
SVK,CZE,6247.900000000001
SVK,DEU,10577.4
SVK,DNK,283.8
SVK,ESP,1875.9
SVK,EST,74.39999999999999
SVK,FIN,240.7
SVK,FRA,4487.300000000001
SVK,GBR,2250.1
SVK,GRC,153.6
SVK,HKG,8.200000000000001
SVK,HRV,284.5000000000001
SVK,HUN,3793.300000000001
SVK,IDN,17.7
SVK,IND,112.1
SVK,IRL,52.5
SVK,ISL,27.4
SVK,ISR,254.4
SVK,ITA,3827.4
SVK,JPN,287.1999999999999
SVK,KAZ,37.7
SVK,KHM,.7000000000000001
SVK,KOR,188.2
SVK,LAO,2.2
SVK,LTU,105.4
SVK,LUX,34.2
SVK,LVA,59.2
SVK,MAR,150.8
SVK,MEX,389.8000000000001
SVK,MLT,1.6
SVK,MMR,.6
SVK,MYS,24.5
SVK,NLD,697
SVK,NOR,337.4000000000001
SVK,NZL,34.5
SVK,PER,16.6
SVK,PHL,2.2
SVK,POL,3825
SVK,PRT,235.2
SVK,ROU,1277.5
SVK,RUS,1954.1
SVK,SAU,221.8
SVK,SGP,51.2
SVK,SVK,35195.7
SVK,SVN,352.7000000000001
SVK,SWE,681.4000000000001
SVK,THA,73
SVK,TUN,76.20000000000002
SVK,TUR,694.3000000000001
SVK,TWN,162.8
SVK,USA,3922.7
SVK,VNM,36.9
SVK,ZAF,253.9
SVN,ARG,19.2
SVN,AUS,89.80000000000001
SVN,AUT,1657.5
SVN,BEL,135.5
SVN,BGR,176.1
SVN,BRA,62.5
SVN,BRN,0
SVN,CAN,134.9
SVN,CHE,426.5000000000002
SVN,CHL,22.7
SVN,CHN,563.1
SVN,COL,13
SVN,CRI,3
SVN,CYP,4.800000000000001
SVN,CZE,504.0000000000001
SVN,DEU,4342.8
SVN,DNK,243.7
SVN,ESP,505.6999999999999
SVN,EST,25.3
SVN,FIN,103.7
SVN,FRA,1259.2
SVN,GBR,359.3
SVN,GRC,70.80000000000001
SVN,HKG,615.9
SVN,HRV,1328.5
SVN,HUN,976.9
SVN,IDN,15.5
SVN,IND,312.3
SVN,IRL,51.20000000000001
SVN,ISL,6.5
SVN,ISR,139.5
SVN,ITA,2658
SVN,JPN,150.5
SVN,KAZ,58.6
SVN,KHM,.6
SVN,KOR,108.5
SVN,LAO,.6000000000000001
SVN,LTU,74.00000000000001
SVN,LUX,19.8
SVN,LVA,23.1
SVN,MAR,51.3
SVN,MEX,140.8
SVN,MLT,5.800000000000001
SVN,MMR,.7
SVN,MYS,20.6
SVN,NLD,293.2
SVN,NOR,126.3
SVN,NZL,17
SVN,PER,13.5
SVN,PHL,29
SVN,POL,768.8000000000001
SVN,PRT,72.2
SVN,ROU,503.3000000000001
SVN,RUS,860.4
SVN,SAU,60.7
SVN,SGP,30.3
SVN,SVK,333.4999999999999
SVN,SVN,13434.2
SVN,SWE,216.4
SVN,THA,46.1
SVN,TUN,14.7
SVN,TUR,311.3
SVN,TWN,31.3
SVN,USA,734.7000000000001
SVN,VNM,74.2
SVN,ZAF,56.3
SWE,ARG,248.9
SWE,AUS,1776.2
SWE,AUT,1428.2
SWE,BEL,3736.5
SWE,BGR,165.6
SWE,BRA,1081.1
SWE,BRN,1.8
SWE,CAN,1569.1
SWE,CHE,1393.4
SWE,CHL,397.3000000000001
SWE,CHN,8355.4
SWE,COL,136.3
SWE,CRI,46.69999999999999
SWE,CYP,36.9
SWE,CZE,1031.8
SWE,DEU,12553.7
SWE,DNK,7547.399999999999
SWE,ESP,2753.9
SWE,EST,690.5
SWE,FIN,5615.400000000001
SWE,FRA,6490.6
SWE,GBR,7115.7
SWE,GRC,383.8000000000001
SWE,HKG,541.1999999999999
SWE,HRV,92.90000000000001
SWE,HUN,661.8000000000001
SWE,IDN,625.3000000000001
SWE,IND,1853
SWE,IRL,1207.1
SWE,ISL,256.8000000000001
SWE,ISR,348.7
SWE,ITA,4081.4
SWE,JPN,2890.4
SWE,KAZ,103.4
SWE,KHM,5.499999999999999
SWE,KOR,1673.5
SWE,LAO,2.300000000000001
SWE,LTU,821.3
SWE,LUX,90.59999999999998
SWE,LVA,345.8000000000001
SWE,MAR,361.7
SWE,MEX,968.8999999999998
SWE,MLT,43.8
SWE,MMR,55.59999999999999
SWE,MYS,362.5
SWE,NLD,4275.5
SWE,NOR,9388.9
SWE,NZL,193
SWE,PER,216.8
SWE,PHL,167.6
SWE,POL,3953.900000000001
SWE,PRT,573.4000000000001
SWE,ROU,340.4
SWE,RUS,1980.4
SWE,SAU,731.3
SWE,SGP,504.5000000000001
SWE,SVK,367.2
SWE,SVN,163.5
SWE,SWE,115857.5
SWE,THA,532.3
SWE,TUN,92.7
SWE,TUR,1191.5
SWE,TWN,729.6999999999999
SWE,USA,10340.9
SWE,VNM,300.7000000000001
SWE,ZAF,734.5999999999999
THA,ARG,1199.9
THA,AUS,10983.1
THA,AUT,591
THA,BEL,675.7000000000001
THA,BGR,32.40000000000001
THA,BRA,1504.5
THA,BRN,117
THA,CAN,2529.7
THA,CHE,1326.1
THA,CHL,812.4000000000001
THA,CHN,36516.9
THA,COL,350.4
THA,CRI,127.3
THA,CYP,23.4
THA,CZE,633.4999999999999
THA,DEU,4889.200000000001
THA,DNK,330.4999999999999
THA,ESP,1218.9
THA,EST,56
THA,FIN,292.1
THA,FRA,2814.8
THA,GBR,3228.5
THA,GRC,120
THA,HKG,3111.6
THA,HRV,16.2
THA,HUN,377.8999999999999
THA,IDN,10136.8
THA,IND,10297.1
THA,IRL,315.3
THA,ISL,27.6
THA,ISR,569.2000000000001
THA,ITA,1806.2
THA,JPN,23283.5
THA,KAZ,84.29999999999998
THA,KHM,1703.6
THA,KOR,4974.1
THA,LAO,3562.3
THA,LTU,20.8
THA,LUX,22.4
THA,LVA,11.6
THA,MAR,154.8
THA,MEX,5473.400000000001
THA,MLT,15.1
THA,MMR,2583.9
THA,MYS,8423.799999999999
THA,NLD,1767.4
THA,NOR,477.9999999999999
THA,NZL,1502.7
THA,PER,323.2000000000001
THA,PHL,7688.8
THA,POL,669.8
THA,PRT,148.1
THA,ROU,145.1
THA,RUS,2225.1
THA,SAU,2345.4
THA,SGP,2972.3
THA,SVK,167.8
THA,SVN,54.5
THA,SWE,659.0999999999998
THA,THA,362556.6
THA,TUN,146.7
THA,TUR,1154.4
THA,TWN,3794.5
THA,USA,26624.4
THA,VNM,13203.4
THA,ZAF,1766.3
TUN,ARG,24.4
TUN,AUS,26
TUN,AUT,74.29999999999998
TUN,BEL,146.6
TUN,BGR,3.1
TUN,BRA,25.7
TUN,BRN,0
TUN,CAN,110.7
TUN,CHE,158.3
TUN,CHL,4.699999999999999
TUN,CHN,216.8
TUN,COL,7.2
TUN,CRI,.6
TUN,CYP,2.6
TUN,CZE,132
TUN,DEU,1044
TUN,DNK,9.4
TUN,ESP,676.1000000000003
TUN,EST,1.9
TUN,FIN,26.5
TUN,FRA,4052.7
TUN,GBR,156
TUN,GRC,50.60000000000001
TUN,HKG,7.7
TUN,HRV,8.899999999999997
TUN,HUN,30.1
TUN,IDN,25.2
TUN,IND,179.4
TUN,IRL,17.3
TUN,ISL,5.399999999999999
TUN,ISR,7.699999999999998
TUN,ITA,2579.4
TUN,JPN,80.20000000000002
TUN,KAZ,2.6
TUN,KHM,0
TUN,KOR,34.20000000000001
TUN,LAO,.5
TUN,LTU,.4
TUN,LUX,8.799999999999999
TUN,LVA,.1
TUN,MAR,235.7
TUN,MEX,42
TUN,MLT,8.5
TUN,MMR,.2
TUN,MYS,20.4
TUN,NLD,107.3
TUN,NOR,43.09999999999999
TUN,NZL,8.299999999999999
TUN,PER,7.199999999999999
TUN,PHL,22.20000000000001
TUN,POL,165
TUN,PRT,32.9
TUN,ROU,31
TUN,RUS,151.1
TUN,SAU,54.2
TUN,SGP,40.6
TUN,SVK,55.30000000000002
TUN,SVN,10.9
TUN,SWE,10.8
TUN,THA,16.9
TUN,TUN,20385.6
TUN,TUR,213.8
TUN,TWN,15.5
TUN,USA,571.3000000000001
TUN,VNM,10.3
TUN,ZAF,30.5
TUR,ARG,248.8
TUR,AUS,681.2000000000001
TUR,AUT,1496.4
TUR,BEL,1685.8
TUR,BGR,1813.5
TUR,BRA,477.4
TUR,BRN,2.900000000000001
TUR,CAN,1656.4
TUR,CHE,1508.400000000001
TUR,CHL,363.1
TUR,CHN,3172
TUR,COL,302.7000000000001
TUR,CRI,58.40000000000001
TUR,CYP,51.1
TUR,CZE,1160.8
TUR,DEU,13488.7
TUR,DNK,596.7000000000001
TUR,ESP,5888.099999999999
TUR,EST,121.1
TUR,FIN,484.3999999999999
TUR,FRA,7239.800000000002
TUR,GBR,7771.6
TUR,GRC,1938.1
TUR,HKG,498.6
TUR,HRV,237.5
TUR,HUN,879.5999999999999
TUR,IDN,331.4
TUR,IND,1543.1
TUR,IRL,840.6999999999998
TUR,ISL,39
TUR,ISR,3725.6
TUR,ITA,9164.1
TUR,JPN,1118.2
TUR,KAZ,504.5999999999999
TUR,KHM,12.6
TUR,KOR,967.7000000000002
TUR,LAO,6.999999999999998
TUR,LTU,128.7
TUR,LUX,71
TUR,LVA,81.89999999999999
TUR,MAR,1772.2
TUR,MEX,815.5999999999999
TUR,MLT,162.5
TUR,MMR,37.40000000000001
TUR,MYS,312.3
TUR,NLD,2091.4
TUR,NOR,665.9999999999999
TUR,NZL,106.6
TUR,PER,158.7000000000001
TUR,PHL,192.4
TUR,POL,3676.9
TUR,PRT,830.4
TUR,ROU,2853.5
TUR,RUS,4430.400000000001
TUR,SAU,2201.8
TUR,SGP,359.6999999999999
TUR,SVK,628.8000000000001
TUR,SVN,471.0000000000001
TUR,SWE,989.0999999999999
TUR,THA,282.4
TUR,TUN,793.1
TUR,TUR,407114.1000000001
TUR,TWN,564.1000000000001
TUR,USA,9857.299999999999
TUR,VNM,283
TUR,ZAF,774.4000000000001
TWN,ARG,380.5
TWN,AUS,3293.2
TWN,AUT,556.1000000000001
TWN,BEL,344.7000000000001
TWN,BGR,69.69999999999999
TWN,BRA,1763.4
TWN,BRN,12.8
TWN,CAN,3679.3
TWN,CHE,801.3
TWN,CHL,256.8000000000001
TWN,CHN,126120.8
TWN,COL,308.7000000000001
TWN,CRI,85
TWN,CYP,33.3
TWN,CZE,478.1
TWN,DEU,6148.199999999999
TWN,DNK,246.6
TWN,ESP,1196.6
TWN,EST,74
TWN,FIN,305.1
TWN,FRA,2121.2
TWN,GBR,2440.8
TWN,GRC,96.5
TWN,HKG,6402.299999999999
TWN,HRV,25.09999999999999
TWN,HUN,377.3
TWN,IDN,2937.9
TWN,IND,4971.499999999999
TWN,IRL,350.3
TWN,ISL,22.6
TWN,ISR,577.6999999999999
TWN,ITA,1865.8
TWN,JPN,18714.9
TWN,KAZ,37.2
TWN,KHM,381.8
TWN,KOR,12968.3
TWN,LAO,6.5
TWN,LTU,31.1
TWN,LUX,41.6
TWN,LVA,32.6
TWN,MAR,88.7
TWN,MEX,6759.500000000001
TWN,MLT,15.6
TWN,MMR,121.3
TWN,MYS,7621.600000000001
TWN,NLD,1598.4
TWN,NOR,397.9
TWN,NZL,400
TWN,PER,227.1
TWN,PHL,4526.900000000001
TWN,POL,883.7000000000001
TWN,PRT,290.4
TWN,ROU,151.1
TWN,RUS,1683.2
TWN,SAU,1033
TWN,SGP,7568.900000000001
TWN,SVK,246.7
TWN,SVN,78.39999999999999
TWN,SWE,466.6
TWN,THA,6790.1
TWN,TUN,127.2
TWN,TUR,1336.2
TWN,TWN,360393.9
TWN,USA,30586.5
TWN,VNM,9688.300000000001
TWN,ZAF,672.4
USA,ARG,5699.700000000001
USA,AUS,18401.9
USA,AUT,3710.400000000001
USA,BEL,7258.2
USA,BGR,184
USA,BRA,24102.9
USA,BRN,247.3
USA,CAN,171185.3
USA,CHE,7591.499999999999
USA,CHL,10734
USA,CHN,123327.5
USA,COL,10476.4
USA,CRI,4286.7
USA,CYP,137.9
USA,CZE,1996.4
USA,DEU,42336.7
USA,DNK,1896.6
USA,ESP,12118.7
USA,EST,178.6999999999999
USA,FIN,1794.3
USA,FRA,30695.1
USA,GBR,31587.09999999999
USA,GRC,578.2000000000001
USA,HKG,9497.400000000002
USA,HRV,189.3
USA,HUN,1311.3
USA,IDN,7548.6
USA,IND,28195.6
USA,IRL,19332
USA,ISL,462.4999999999999
USA,ISR,5227.399999999999
USA,ITA,13229.4
USA,JPN,68659.79999999999
USA,KAZ,793
USA,KHM,191.3
USA,KOR,45342.4
USA,LAO,21
USA,LTU,223.0000000000001
USA,LUX,502.2
USA,LVA,100.9
USA,MAR,2324
USA,MEX,166598.3
USA,MLT,83.09999999999999
USA,MMR,177.1000000000001
USA,MYS,7518.7
USA,NLD,14830.6
USA,NOR,5981.7
USA,NZL,2497
USA,PER,6560.200000000001
USA,PHL,6342.799999999999
USA,POL,4549.6
USA,PRT,1076.2
USA,ROU,654.3000000000001
USA,RUS,10411.4
USA,SAU,12520.3
USA,SGP,13713
USA,SVK,462.3
USA,SVN,424.1
USA,SWE,3279.6
USA,THA,10104.3
USA,TUN,487.9
USA,TUR,8346.5
USA,TWN,24161.3
USA,USA,6185647.9
USA,VNM,7862.900000000002
USA,ZAF,4135.400000000001
VNM,ARG,479
VNM,AUS,6231.799999999998
VNM,AUT,622.4999999999999
VNM,BEL,515.7000000000001
VNM,BGR,50
VNM,BRA,1228.3
VNM,BRN,25.2
VNM,CAN,3608.9
VNM,CHE,1532.7
VNM,CHL,847.4999999999999
VNM,CHN,45791.4
VNM,COL,418.7000000000001
VNM,CRI,53.50000000000001
VNM,CYP,22.20000000000001
VNM,CZE,460.6
VNM,DEU,5624.3
VNM,DNK,319.3
VNM,ESP,1974
VNM,EST,44.80000000000002
VNM,FIN,304.0000000000001
VNM,FRA,3274.7
VNM,GBR,2891
VNM,GRC,146.7
VNM,HKG,1598.5
VNM,HRV,20
VNM,HUN,224.4
VNM,IDN,3697.4
VNM,IND,7256.999999999999
VNM,IRL,242.2
VNM,ISL,26.6
VNM,ISR,367.2
VNM,ITA,2356.7
VNM,JPN,20220.7
VNM,KAZ,95.30000000000001
VNM,KHM,1324.7
VNM,KOR,15364.6
VNM,LAO,563.6
VNM,LTU,20.5
VNM,LUX,241.9
VNM,LVA,34.10000000000001
VNM,MAR,112.9
VNM,MEX,2695.899999999999
VNM,MLT,12.1
VNM,MMR,467.1000000000001
VNM,MYS,3222.4
VNM,NLD,1743.3
VNM,NOR,497.3
VNM,NZL,405.4000000000001
VNM,PER,436.3000000000001
VNM,PHL,4055.699999999999
VNM,POL,1425.4
VNM,PRT,220.5
VNM,ROU,128.5
VNM,RUS,2778.299999999999
VNM,SAU,725.5000000000001
VNM,SGP,2446.100000000001
VNM,SVK,878.1
VNM,SVN,84.10000000000001
VNM,SWE,486.3
VNM,THA,7890.7
VNM,TUN,65.09999999999999
VNM,TUR,3434.399999999999
VNM,TWN,3388.5
VNM,USA,39947.20000000001
VNM,VNM,325540.0999999999
VNM,ZAF,693.3000000000002
ZAF,ARG,205.4
ZAF,AUS,1098.4
ZAF,AUT,176.5
ZAF,BEL,550.3000000000001
ZAF,BGR,124.1
ZAF,BRA,476.2
ZAF,BRN,2.100000000000001
ZAF,CAN,575.3000000000002
ZAF,CHE,299.8999999999999
ZAF,CHL,73.8
ZAF,CHN,14772.1
ZAF,COL,21.1
ZAF,CRI,4.5
ZAF,CYP,4.799999999999999
ZAF,CZE,327
ZAF,DEU,5153.6
ZAF,DNK,92.90000000000002
ZAF,ESP,992.8
ZAF,EST,14.3
ZAF,FIN,117.3
ZAF,FRA,863.0000000000001
ZAF,GBR,1887.1
ZAF,GRC,38.3
ZAF,HKG,363.6
ZAF,HRV,7.100000000000001
ZAF,HUN,58.2
ZAF,IDN,684.8000000000001
ZAF,IND,4322.999999999999
ZAF,IRL,188.3
ZAF,ISL,5.3
ZAF,ISR,309.8999999999999
ZAF,ITA,791.0000000000001
ZAF,JPN,14176.29999999999
ZAF,KAZ,19.2
ZAF,KHM,8.399999999999999
ZAF,KOR,2597.2
ZAF,LAO,1.1
ZAF,LTU,15.8
ZAF,LUX,55.1
ZAF,LVA,.8999999999999999
ZAF,MAR,50.5
ZAF,MEX,223.5000000000001
ZAF,MLT,12
ZAF,MMR,2.2
ZAF,MYS,322
ZAF,NLD,814.8
ZAF,NOR,173.1
ZAF,NZL,88.49999999999999
ZAF,PER,31.3
ZAF,PHL,65.09999999999999
ZAF,POL,442
ZAF,PRT,150.3
ZAF,ROU,17.3
ZAF,RUS,426.6
ZAF,SAU,371.7000000000001
ZAF,SGP,181.6
ZAF,SVK,33.1
ZAF,SVN,16.7
ZAF,SWE,237.4
ZAF,THA,461.6
ZAF,TUN,7.899999999999999
ZAF,TUR,735.3999999999999
ZAF,TWN,710.6999999999999
ZAF,USA,4174.8
ZAF,VNM,241.2
ZAF,ZAF,153410.6
